-- 팀 데이터
INSERT INTO team (team_code, name, last_updated, last_opponent) VALUES ('SS', '삼성 라이온즈', '2025-05-02', '');
INSERT INTO team (team_code, name, last_updated, last_opponent) VALUES ('LG', 'LG 트윈스', '2025-05-02', '');
INSERT INTO team (team_code, name, last_updated, last_opponent) VALUES ('HH', '한화 이글스', '2025-05-02', '');
INSERT INTO team (team_code, name, last_updated, last_opponent) VALUES ('LT', '롯데 자이언츠', '2025-05-02', '');
INSERT INTO team (team_code, name, last_updated, last_opponent) VALUES ('NC', 'NC 다이노스', '2025-05-02', '');
INSERT INTO team (team_code, name, last_updated, last_opponent) VALUES ('SK', 'SSG 랜더스', '2025-05-02', '');
INSERT INTO team (team_code, name, last_updated, last_opponent) VALUES ('OB', '두산 베어스', '2025-05-02', '');
INSERT INTO team (team_code, name, last_updated, last_opponent) VALUES ('KT', 'KT wiz', '2025-05-02', '');
INSERT INTO team (team_code, name, last_updated, last_opponent) VALUES ('WO', '키움 히어로즈', '2025-05-02', '');
INSERT INTO team (team_code, name, last_updated, last_opponent) VALUES ('HT', 'KIA 타이거즈', '2025-05-02', '');

-- 삼성 라이온즈 선수 데이터
INSERT INTO player (name, back_number, position, bats_order, team) VALUES ('강민성', '127', '교체 선수', '1', 'SS');
INSERT INTO player (name, back_number, position, bats_order, team) VALUES ('강민호', '47', '교체 선수', '2', 'SS');
INSERT INTO player (name, back_number, position, bats_order, team) VALUES ('강한울', '6', '교체 선수', '3', 'SS');
INSERT INTO player (name, back_number, position, bats_order, team) VALUES ('공민규', '9', '교체 선수', '4', 'SS');
INSERT INTO player (name, back_number, position, bats_order, team) VALUES ('구자욱', '5', '교체 선수', '5', 'SS');
INSERT INTO player (name, back_number, position, bats_order, team) VALUES ('김도환', '24', '교체 선수', '6', 'SS');
INSERT INTO player (name, back_number, position, bats_order, team) VALUES ('김민수', '12', '교체 선수', '7', 'SS');
INSERT INTO player (name, back_number, position, bats_order, team) VALUES ('김상준', '125', '교체 선수', '8', 'SS');
INSERT INTO player (name, back_number, position, bats_order, team) VALUES ('김성윤', '39', '교체 선수', '9', 'SS');
INSERT INTO player (name, back_number, position, bats_order, team) VALUES ('김영웅', '30', '교체 선수', '0', 'SS');
INSERT INTO player (name, back_number, position, bats_order, team) VALUES ('김재성', '2', '교체 선수', '0', 'SS');
INSERT INTO player (name, back_number, position, bats_order, team) VALUES ('김재혁', '8', '교체 선수', '0', 'SS');
INSERT INTO player (name, back_number, position, bats_order, team) VALUES ('김재형', '124', '교체 선수', '0', 'SS');
INSERT INTO player (name, back_number, position, bats_order, team) VALUES ('김지찬', '58', '교체 선수', '0', 'SS');
INSERT INTO player (name, back_number, position, bats_order, team) VALUES ('김태근', '108', '교체 선수', '0', 'SS');
INSERT INTO player (name, back_number, position, bats_order, team) VALUES ('김태훈', '25', '교체 선수', '0', 'SS');
INSERT INTO player (name, back_number, position, bats_order, team) VALUES ('김헌곤', '32', '교체 선수', '0', 'SS');
INSERT INTO player (name, back_number, position, bats_order, team) VALUES ('디아즈', '0', '교체 선수', '0', 'SS');
INSERT INTO player (name, back_number, position, bats_order, team) VALUES ('류지혁', '16', '교체 선수', '0', 'SS');
INSERT INTO player (name, back_number, position, bats_order, team) VALUES ('박병호', '52', '교체 선수', '0', 'SS');
INSERT INTO player (name, back_number, position, bats_order, team) VALUES ('박승규', '66', '교체 선수', '0', 'SS');
INSERT INTO player (name, back_number, position, bats_order, team) VALUES ('박장민', '116', '교체 선수', '0', 'SS');
INSERT INTO player (name, back_number, position, bats_order, team) VALUES ('박진우', '111', '교체 선수', '0', 'SS');
INSERT INTO player (name, back_number, position, bats_order, team) VALUES ('심재훈', '38', '교체 선수', '0', 'SS');
INSERT INTO player (name, back_number, position, bats_order, team) VALUES ('안주형', '14', '교체 선수', '0', 'SS');
INSERT INTO player (name, back_number, position, bats_order, team) VALUES ('양도근', '68', '교체 선수', '0', 'SS');
INSERT INTO player (name, back_number, position, bats_order, team) VALUES ('양우현', '53', '교체 선수', '0', 'SS');
INSERT INTO player (name, back_number, position, bats_order, team) VALUES ('오현석', '103', '교체 선수', '0', 'SS');
INSERT INTO player (name, back_number, position, bats_order, team) VALUES ('윤정빈', '31', '교체 선수', '0', 'SS');
INSERT INTO player (name, back_number, position, bats_order, team) VALUES ('이병헌', '23', '교체 선수', '0', 'SS');
INSERT INTO player (name, back_number, position, bats_order, team) VALUES ('이성규', '13', '교체 선수', '0', 'SS');
INSERT INTO player (name, back_number, position, bats_order, team) VALUES ('이재현', '7', '교체 선수', '0', 'SS');
INSERT INTO player (name, back_number, position, bats_order, team) VALUES ('이진용', '117', '교체 선수', '0', 'SS');
INSERT INTO player (name, back_number, position, bats_order, team) VALUES ('이창용', '50', '교체 선수', '0', 'SS');
INSERT INTO player (name, back_number, position, bats_order, team) VALUES ('이해승', '56', '교체 선수', '0', 'SS');
INSERT INTO player (name, back_number, position, bats_order, team) VALUES ('이현준', '118', '교체 선수', '0', 'SS');
INSERT INTO player (name, back_number, position, bats_order, team) VALUES ('전병우', '34', '교체 선수', '0', 'SS');
INSERT INTO player (name, back_number, position, bats_order, team) VALUES ('차승준', '35', '교체 선수', '0', 'SS');
INSERT INTO player (name, back_number, position, bats_order, team) VALUES ('함수호', '40', '교체 선수', '0', 'SS');
INSERT INTO player (name, back_number, position, bats_order, team) VALUES ('홍현빈', '63', '교체 선수', '0', 'SS');

-- 삼성 라이온즈 응원가
INSERT INTO cheer_song (title, lyrics, audio_file_name, player_id) VALUES 
('기본응원가', '강민호 민호민호\n삼성 강민호 오오오오 강민호\n빠라 빰빰빰 빰빰빰빰 강민호', 'ss47.mp3', (SELECT id FROM player WHERE name = '강민호' AND team = 'SS'));

INSERT INTO cheer_song (title, lyrics, audio_file_name, player_id) VALUES 
('기본응원가', '달려라 라이온즈 강한울\n날려라 라이온즈 강한울\n오오우워 워 워\n승리를 위해 간다 강한울', 'ss6.mp3', (SELECT id FROM player WHERE name = '강한울' AND team = 'SS'));

INSERT INTO cheer_song (title, lyrics, audio_file_name, player_id) VALUES 
('기본응원가', '삼성의 공민규\n삼성의 공민규\n승리를 위하여\n오 공민규', 'ss9.mp3', (SELECT id FROM player WHERE name = '공민규' AND team = 'SS'));

INSERT INTO cheer_song (title, lyrics, audio_file_name, player_id) VALUES 
('기본응원가', '최강 삼성 구자욱\n치고 달려 구자욱\n시원하게 한방\n날려버려 구자욱', 'ss5(1).mp3', (SELECT id FROM player WHERE name = '구자욱' AND team = 'SS'));

INSERT INTO cheer_song (title, lyrics, audio_file_name, player_id) VALUES 
('안타/달빛소년', '최강 삼성 안타 구자욱\n승리를 위해 구자욱\n워워우워어\n최강삼성 구자욱', 'ss5(2).mp3', (SELECT id FROM player WHERE name = '구자욱' AND team = 'SS'));

INSERT INTO cheer_song (title, lyrics, audio_file_name, player_id) VALUES 
('기본응원가', '김도환 김도환 화니화니 안타\n김도환 김도환 워우워우워', 'ss24.mp3', (SELECT id FROM player WHERE name = '김도환' AND team = 'SS'));

INSERT INTO cheer_song (title, lyrics, audio_file_name, player_id) VALUES 
('기본응원가', '최강 삼성 김민수 워\n안타 홈런 워어어어 워\n최강 삼성 김민수 워\n삼 성 김민수', 'ss12.mp3', (SELECT id FROM player WHERE name = '김민수' AND team = 'SS'));

INSERT INTO cheer_song (title, lyrics, audio_file_name, player_id) VALUES 
('기본응원가', '더 멀리 더 빨리 치고 달려라\n최강 삼성 김성윤 워어어어어\n더 멀리 더 빨리 치고 달려라\n최강 삼성 김성윤 워어어어어\n최강 삼성 김성윤 넌 할 수있어', 'ss39.mp3', (SELECT id FROM player WHERE name = '김성윤' AND team = 'SS'));

INSERT INTO cheer_song (title, lyrics, audio_file_name, player_id) VALUES 
('기본응원가', '최강 삼성 히어로 누구 김영웅\n승리의 안타를 날려라\n최강 삼성 히어로 누구 김영웅\n워어어어어어어', 'ss30.mp3', (SELECT id FROM player WHERE name = '김영웅' AND team = 'SS'));

INSERT INTO cheer_song (title, lyrics, audio_file_name, player_id) VALUES 
('기본응원가', '삼성 김재성 오오오 김재성\n승리를 위하여 한방 날려버려\n김재성 오오오 김재성\n삼성의 김재성', 'ss2.mp3', (SELECT id FROM player WHERE name = '김재성' AND team = 'SS'));

INSERT INTO cheer_song (title, lyrics, audio_file_name, player_id) VALUES 
('기본응원가', '삼성 김재혁 워어어어어\n삼성의 승리를 위해 오 파이팅', 'ss8.mp3', (SELECT id FROM player WHERE name = '김재혁' AND team = 'SS'));

INSERT INTO cheer_song (title, lyrics, audio_file_name, player_id) VALUES 
('기본응원가', '삼성의 김지찬\n안타를 날려라\n삼성의 김지찬\n찬찬찬 김지찬', 'ss58.mp3', (SELECT id FROM player WHERE name = '김지찬' AND team = 'SS'));

INSERT INTO cheer_song (title, lyrics, audio_file_name, player_id) VALUES 
('기본응원가', '삼성 김태훈 워어우워\n안타 김태훈 워어우워어\n삼성 김태훈 워어우워\n홈런 김태훈 워어우워어', 'ss25.mp3', (SELECT id FROM player WHERE name = '김태훈' AND team = 'SS'));

INSERT INTO cheer_song (title, lyrics, audio_file_name, player_id) VALUES 
('기본응원가', '오오 삼성의 김헌곤\n오오 삼성의 김헌곤\n오오 승리를 위해\n안타 안타 김헌곤', 'ss32.mp3', (SELECT id FROM player WHERE name = '김헌곤' AND team = 'SS'));

INSERT INTO cheer_song (title, lyrics, audio_file_name, player_id) VALUES 
('기본응원가', '라이온즈의 디아즈\n디아즈 오오 디아즈\n승리를 위해 디아즈\n디아즈 워어어어어 (VIVA!)', 'ss0.mp3', (SELECT id FROM player WHERE name = '디아즈' AND team = 'SS'));

INSERT INTO cheer_song (title, lyrics, audio_file_name, player_id) VALUES 
('기본응원가', '삼성 류지혁\n류지혁 워어어어\n날려버려 워어어어\n시원하고 화끈하게 류지혁 (가자!)\n류지혁 워어어어 삼성 류지혁\n최강 삼성 승리를 위해 류지혁', 'ss16.mp3', (SELECT id FROM player WHERE name = '류지혁' AND team = 'SS'));

INSERT INTO cheer_song (title, lyrics, audio_file_name, player_id) VALUES 
('기본응원가', '오오오오 홈런 오오오오 홈런\n라이온즈 박병호\n오오오 오오오오오오\n라이온즈 박병호', 'ss52.mp3', (SELECT id FROM player WHERE name = '박병호' AND team = 'SS'));

INSERT INTO cheer_song (title, lyrics, audio_file_name, player_id) VALUES 
('기본응원가', '안타를 펑펑펑 오 날려라\n최강 삼성 박승규\n안타를 펑펑 펑 펑\n안타를 펑펑펑 박승규 예', 'ss66.mp3', (SELECT id FROM player WHERE name = '박승규' AND team = 'SS'));

INSERT INTO cheer_song (title, lyrics, audio_file_name, player_id) VALUES 
('기본응원가', '삼성의 심재훈 삼성의 심재훈\n안타를 날려버려 삼성 심재훈\n삼성의 심재훈 삼성의 심재훈\n홈런을 날려버려 삼성 심재훈', 'ss38.mp3', (SELECT id FROM player WHERE name = '심재훈' AND team = 'SS'));

INSERT INTO cheer_song (title, lyrics, audio_file_name, player_id) VALUES 
('기본응원가', '삼성의 안주형 안타\n안주형 안타\n안주형 안타\n오오오오', 'ss14.mp3', (SELECT id FROM player WHERE name = '안주형' AND team = 'SS'));

INSERT INTO cheer_song (title, lyrics, audio_file_name, player_id) VALUES 
('기본응원가', '삼성의 양우현 삼성의 양우현\n오오오 최강삼성 양우현\n삼성의 양우현 삼성의 양우현\n야이야이야이야이야', 'ss53.mp3', (SELECT id FROM player WHERE name = '양우현' AND team = 'SS'));

INSERT INTO cheer_song (title, lyrics, audio_file_name, player_id) VALUES 
('기본응원가', '오오오오 윤정빈\n삼성의 윤정빈 오오오\n오오오오 윤정빈\n삼성의 승리를 위해', 'ss31.mp3', (SELECT id FROM player WHERE name = '윤정빈' AND team = 'SS'));

INSERT INTO cheer_song (title, lyrics, audio_file_name, player_id) VALUES 
('기본응원가', '이병헌 삼성의 승리를 위해\n안타를 날려버려 오오오\n이병헌 삼성의 승리를 위해\n날려버려 이병허니', 'ss23.mp3', (SELECT id FROM player WHERE name = '이병헌' AND team = 'SS'));

INSERT INTO cheer_song (title, lyrics, audio_file_name, player_id) VALUES 
('기본응원가', '날려라 삼성 이성규 오 안타\n삼성 이성규 오 홈런\n최강 삼성 승리 위해\n날려라 삼성 이성규 오 파이팅', 'ss13.mp3', (SELECT id FROM player WHERE name = '이성규' AND team = 'SS'));

INSERT INTO cheer_song (title, lyrics, audio_file_name, player_id) VALUES 
('기본응원가', '삼성의 이재현\n빼뱀 뺌빼배뱀 안타 빼뱀\n삼성의 이재현\n빼뱀 뺌빼배뱀 홈런 빼뱀', 'ss7.mp3', (SELECT id FROM player WHERE name = '이재현' AND team = 'SS'));

INSERT INTO cheer_song (title, lyrics, audio_file_name, player_id) VALUES 
('기본응원가', '오 이창용\n최강삼성 이창용\n라이온즈 승리 위하여\n안타 이창용', 'ss50.mp3', (SELECT id FROM player WHERE name = '이창용' AND team = 'SS'));

INSERT INTO cheer_song (title, lyrics, audio_file_name, player_id) VALUES 
('기본응원가', '삼성의 이해승\n날려해승 달려해승 삼성 이해승 헤이', 'ss56.mp3', (SELECT id FROM player WHERE name = '이해승' AND team = 'SS'));

INSERT INTO cheer_song (title, lyrics, audio_file_name, player_id) VALUES 
('기본응원가', '삼성의 전병우 전병우\n삼성 전병우 안타를 호우 홈런을 호우\n날려라 승리를 향해', 'ss34.mp3', (SELECT id FROM player WHERE name = '전병우' AND team = 'SS'));

-- LG 트윈스 선수 데이터
INSERT INTO player (name, back_number, position, bats_order, team) VALUES ('구본혁', '6', '교체 선수', '0', 'LG');
INSERT INTO player (name, back_number, position, bats_order, team) VALUES ('김민수', '16', '교체 선수', '0', 'LG');
INSERT INTO player (name, back_number, position, bats_order, team) VALUES ('김범석', '55', '교체 선수', '0', 'LG');
INSERT INTO player (name, back_number, position, bats_order, team) VALUES ('김성우', '44', '교체 선수', '0', 'LG');
INSERT INTO player (name, back_number, position, bats_order, team) VALUES ('김성진', '36', '교체 선수', '0', 'LG');
INSERT INTO player (name, back_number, position, bats_order, team) VALUES ('김주성', '5', '교체 선수', '0', 'LG');
INSERT INTO player (name, back_number, position, bats_order, team) VALUES ('김준태', '47', '교체 선수', '0', 'LG');
INSERT INTO player (name, back_number, position, bats_order, team) VALUES ('김현수', '22', '교체 선수', '0', 'LG');
INSERT INTO player (name, back_number, position, bats_order, team) VALUES ('김현종', '66', '교체 선수', '0', 'LG');
INSERT INTO player (name, back_number, position, bats_order, team) VALUES ('문보경', '2', '교체 선수', '0', 'LG');
INSERT INTO player (name, back_number, position, bats_order, team) VALUES ('문성주', '8', '교체 선수', '0', 'LG');
INSERT INTO player (name, back_number, position, bats_order, team) VALUES ('문정빈', '53', '교체 선수', '0', 'LG');
INSERT INTO player (name, back_number, position, bats_order, team) VALUES ('박관우', '64', '교체 선수', '0', 'LG');
INSERT INTO player (name, back_number, position, bats_order, team) VALUES ('박동원', '27', '교체 선수', '0', 'LG');
INSERT INTO player (name, back_number, position, bats_order, team) VALUES ('박해민', '17', '교체 선수', '0', 'LG');
INSERT INTO player (name, back_number, position, bats_order, team) VALUES ('서영준', '60', '교체 선수', '0', 'LG');
INSERT INTO player (name, back_number, position, bats_order, team) VALUES ('손용준', '52', '교체 선수', '0', 'LG');
INSERT INTO player (name, back_number, position, bats_order, team) VALUES ('송찬의', '14', '교체 선수', '0', 'LG');
INSERT INTO player (name, back_number, position, bats_order, team) VALUES ('신민재', '4', '교체 선수', '0', 'LG');
INSERT INTO player (name, back_number, position, bats_order, team) VALUES ('안익훈', '15', '교체 선수', '0', 'LG');
INSERT INTO player (name, back_number, position, bats_order, team) VALUES ('오스틴', '23', '교체 선수', '0', 'LG');
INSERT INTO player (name, back_number, position, bats_order, team) VALUES ('오지환', '10', '교체 선수', '0', 'LG');
INSERT INTO player (name, back_number, position, bats_order, team) VALUES ('이영빈', '7', '교체 선수', '0', 'LG');
INSERT INTO player (name, back_number, position, bats_order, team) VALUES ('이주헌', '26', '교체 선수', '0', 'LG');
INSERT INTO player (name, back_number, position, bats_order, team) VALUES ('이태훈', '65', '교체 선수', '0', 'LG');
INSERT INTO player (name, back_number, position, bats_order, team) VALUES ('이한림', '0', '교체 선수', '0', 'LG');
INSERT INTO player (name, back_number, position, bats_order, team) VALUES ('최승민', '62', '교체 선수', '0', 'LG');
INSERT INTO player (name, back_number, position, bats_order, team) VALUES ('최원영', '3', '교체 선수', '0', 'LG');
INSERT INTO player (name, back_number, position, bats_order, team) VALUES ('천성호', '59', '교체 선수', '0', 'LG');
INSERT INTO player (name, back_number, position, bats_order, team) VALUES ('함창건', '24', '교체 선수', '0', 'LG');
INSERT INTO player (name, back_number, position, bats_order, team) VALUES ('홍창기', '51', '교체 선수', '0', 'LG');

-- LG 트윈스 응원가
INSERT INTO cheer_song (title, lyrics, audio_file_name, player_id) VALUES 
('기본응원가', '당차고 시원하게 달려라 LG 구본혁\n언제나 너!의 옆에 우리가 함께\n당차고 시원하게 날려라 LG 구본혁\n언제나 너! 영원히 사랑할게', 'lg6.mp3', (SELECT id FROM player WHERE name = '구본혁' AND team = 'LG'));

INSERT INTO cheer_song (title, lyrics, audio_file_name, player_id) VALUES 
('기본응원가', '안타 안타 LG 김민수\n안타 안타 LG 김민수\n안타 안타 LG 김민수\n오! 김민수', 'lg16.mp3', (SELECT id FROM player WHERE name = '김민수' AND team = 'LG'));

INSERT INTO cheer_song (title, lyrics, audio_file_name, player_id) VALUES 
('기본응원가', 'LG의 김범석\nLG의 김범석\nLG의 승리를 위하여\n날려라 김범석', 'lg55.mp3', (SELECT id FROM player WHERE name = '김범석' AND team = 'LG'));

INSERT INTO cheer_song (title, lyrics, audio_file_name, player_id) VALUES 
('기본응원가', '오! LG의 김현수 x2\n오! 승리를 위하여\n오! 힘차게 날려라\n오! LG의 김현수 x2\n오! 승리를 위하여\n무! 적! L! G! 김! 현! 수!', 'lg22.mp3', (SELECT id FROM player WHERE name = '김현수' AND team = 'LG'));

INSERT INTO cheer_song (title, lyrics, audio_file_name, player_id) VALUES 
('기본응원가', '무적LG 승리 위해 날려버려라\nLG의 문보경 (안타!) LG의 문보경 (홈런!)', 'lg2.mp3', (SELECT id FROM player WHERE name = '문보경' AND team = 'LG'));

INSERT INTO cheer_song (title, lyrics, audio_file_name, player_id) VALUES 
('기본응원가', '무적LG 오 문성주 날려버려라\n무적LG 오 문성주 날려버려라\n랄랄라라 랄랄라라 랄랄랄라라 (헤이!)\n랄랄라라 랄랄라라 랄랄랄라라 (헤이!)', 'lg8.mp3', (SELECT id FROM player WHERE name = '문성주' AND team = 'LG'));

INSERT INTO cheer_song (title, lyrics, audio_file_name, player_id) VALUES 
('기본응원가', '문정빈 힘차게 날아올라봐\nLG의 승리 위하여\n문정빈 넌 빛나고 있어\n문정빈 힘차게 날아올라봐\nLG의 승리 위하여\n문정빈 주인공은 바로 너!\n문!정!빈!', 'lg53.mp3', (SELECT id FROM player WHERE name = '문정빈' AND team = 'LG'));

INSERT INTO cheer_song (title, lyrics, audio_file_name, player_id) VALUES 
('기본응원가', '시원하게 (쏴) 쏘아올려 (쏴)\n무적LG 박동원 (안타!)\n승리위해 저 끝까지\n날려버려 박동원 (홈런!)', 'lg27.mp3', (SELECT id FROM player WHERE name = '박동원' AND team = 'LG'));

INSERT INTO cheer_song (title, lyrics, audio_file_name, player_id) VALUES 
('기본응원가', '날려버려 안타 박해민\n오오오오오 박해민\n무!적!L!G! 박!해!민!', 'lg17.mp3', (SELECT id FROM player WHERE name = '박해민' AND team = 'LG'));

INSERT INTO cheer_song (title, lyrics, audio_file_name, player_id) VALUES 
('기본응원가', 'LG의 송찬의(안타!) LG의 송찬의(홈런!)\n무적LG 승리위해 날려버려라', 'lg14.mp3', (SELECT id FROM player WHERE name = '송찬의' AND team = 'LG'));

INSERT INTO cheer_song (title, lyrics, audio_file_name, player_id) VALUES 
('기본응원가', '날려버려 날려버려 안!타!신!민!재!', 'lg4.mp3', (SELECT id FROM player WHERE name = '신민재' AND team = 'LG'));

INSERT INTO cheer_song (title, lyrics, audio_file_name, player_id) VALUES 
('기본응원가', '날려버려 LG의 안익훈\n승리위해 힘차게 날려라\n날려버려 LG의 안익훈 승리를 위해\n날려버려 LG의 안익훈\n승리위해 힘차게 날려라\n날려버려 LG의 안익훈\n무!적!L!G! 안!익!훈!', 'lg15.mp3', (SELECT id FROM player WHERE name = '안익훈' AND team = 'LG'));

INSERT INTO cheer_song (title, lyrics, audio_file_name, player_id) VALUES 
('기본응원가', '무적LG의 오스틴 딘! 날려버려라 오! 스! 틴! 딘!', 'lg23(1).mp3', (SELECT id FROM player WHERE name = '오스틴' AND team = 'LG'));

INSERT INTO cheer_song (title, lyrics, audio_file_name, player_id) VALUES 
('안타/홈런', '오스틴 딘 오오오 오스틴 딘 오오오 오스틴 딘 오오오 오!스!틴! 딘!', 'lg23(2).mp3', (SELECT id FROM player WHERE name = '오스틴' AND team = 'LG'));

INSERT INTO cheer_song (title, lyrics, audio_file_name, player_id) VALUES 
('기본응원가', '무적 LG 오지환\n무적 LG 오지환\n워어어어어어어\n(누구?)\n무!적!L!G! 오!지!환!', 'lg10.mp3', (SELECT id FROM player WHERE name = '오지환' AND team = 'LG'));

INSERT INTO cheer_song (title, lyrics, audio_file_name, player_id) VALUES 
('기본응원가', '달려라 LG의 이영빈\n날려라 LG의 이영빈\nLG의 승리를 위하여\n오! 이영빈', 'lg7.mp3', (SELECT id FROM player WHERE name = '이영빈' AND team = 'LG'));

INSERT INTO cheer_song (title, lyrics, audio_file_name, player_id) VALUES 
('기본응원가', '트윈스 이주헌 날려버려라\n날려버려라 날려버려라\n트윈스 이주헌 날려버려라\nLG 트윈스의 주헌이 (안타!)', 'lg26.mp3', (SELECT id FROM player WHERE name = '이주헌' AND team = 'LG'));

INSERT INTO cheer_song (title, lyrics, audio_file_name, player_id) VALUES 
('기본응원가', '오 달려라 오 달려라\n날!쌘!돌!이! 최!승!민!', 'lg62.mp3', (SELECT id FROM player WHERE name = '최승민' AND team = 'LG'));

INSERT INTO cheer_song (title, lyrics, audio_file_name, player_id) VALUES 
('기본응원가', '오 LG의 최원영 끝까지\n오 LG의 최원영 할!수!있!어!최!원!영!', 'lg3.mp3', (SELECT id FROM player WHERE name = '최원영' AND team = 'LG'));

INSERT INTO cheer_song (title, lyrics, audio_file_name, player_id) VALUES 
('기본응원가', 'LG 천성호 (호!) LG 천성호 (호!)\n무적 LG 승리를 위해 \n(안!타!천!성!호!)', 'lg59.mp3', (SELECT id FROM player WHERE name = '천성호' AND team = 'LG'));

INSERT INTO cheer_song (title, lyrics, audio_file_name, player_id) VALUES 
('기본응원가', '홍창기 안타 안타날려 홍창기\n홍창기 안타 날려버려라\n홍창기 안타 안타날려 홍창기\n무적 LG의 승리를 위해', 'lg51.mp3', (SELECT id FROM player WHERE name = '홍창기' AND team = 'LG'));

-- 한화 이글스 선수 데이터
INSERT INTO player (name, back_number, position, bats_order, team) VALUES ('권광민', '17', '교체 선수', '0', 'HH');
INSERT INTO player (name, back_number, position, bats_order, team) VALUES ('김건', '56', '교체 선수', '0', 'HH');
INSERT INTO player (name, back_number, position, bats_order, team) VALUES ('김예준', '114', '교체 선수', '0', 'HH');
INSERT INTO player (name, back_number, position, bats_order, team) VALUES ('김인환', '37', '교체 선수', '0', 'HH');
INSERT INTO player (name, back_number, position, bats_order, team) VALUES ('김태연', '25', '교체 선수', '0', 'HH');
INSERT INTO player (name, back_number, position, bats_order, team) VALUES ('노시환', '8', '교체 선수', '0', 'HH');
INSERT INTO player (name, back_number, position, bats_order, team) VALUES ('노석진', '117', '교체 선수', '0', 'HH');
INSERT INTO player (name, back_number, position, bats_order, team) VALUES ('리베라토', '0', '교체 선수', '0', 'HH');
INSERT INTO player (name, back_number, position, bats_order, team) VALUES ('문현빈', '51', '교체 선수', '0', 'HH');
INSERT INTO player (name, back_number, position, bats_order, team) VALUES ('박상언', '42', '교체 선수', '0', 'HH');
INSERT INTO player (name, back_number, position, bats_order, team) VALUES ('박정현', '63', '교체 선수', '0', 'HH');
INSERT INTO player (name, back_number, position, bats_order, team) VALUES ('배승수', '98', '교체 선수', '0', 'HH');
INSERT INTO player (name, back_number, position, bats_order, team) VALUES ('송호정', '54', '교체 선수', '0', 'HH');
INSERT INTO player (name, back_number, position, bats_order, team) VALUES ('신우재', '69', '교체 선수', '0', 'HH');
INSERT INTO player (name, back_number, position, bats_order, team) VALUES ('심우준', '2', '교체 선수', '0', 'HH');
INSERT INTO player (name, back_number, position, bats_order, team) VALUES ('안진', '39', '교체 선수', '0', 'HH');
INSERT INTO player (name, back_number, position, bats_order, team) VALUES ('안치홍', '3', '교체 선수', '0', 'HH');
INSERT INTO player (name, back_number, position, bats_order, team) VALUES ('유로결', '33', '교체 선수', '0', 'HH');
INSERT INTO player (name, back_number, position, bats_order, team) VALUES ('유민', '97', '교체 선수', '0', 'HH');
INSERT INTO player (name, back_number, position, bats_order, team) VALUES ('이도윤', '7', '교체 선수', '0', 'HH');
INSERT INTO player (name, back_number, position, bats_order, team) VALUES ('이민재', '57', '교체 선수', '0', 'HH');
INSERT INTO player (name, back_number, position, bats_order, team) VALUES ('이상혁', '9', '교체 선수', '0', 'HH');
INSERT INTO player (name, back_number, position, bats_order, team) VALUES ('이승현', '60', '교체 선수', '0', 'HH');
INSERT INTO player (name, back_number, position, bats_order, team) VALUES ('이원석', '50', '교체 선수', '0', 'HH');
INSERT INTO player (name, back_number, position, bats_order, team) VALUES ('이재원', '20', '교체 선수', '0', 'HH');
INSERT INTO player (name, back_number, position, bats_order, team) VALUES ('이지성', '106', '교체 선수', '0', 'HH');
INSERT INTO player (name, back_number, position, bats_order, team) VALUES ('이진영', '10', '교체 선수', '0', 'HH');
INSERT INTO player (name, back_number, position, bats_order, team) VALUES ('임종찬', '24', '교체 선수', '0', 'HH');
INSERT INTO player (name, back_number, position, bats_order, team) VALUES ('장규현', '32', '교체 선수', '0', 'HH');
INSERT INTO player (name, back_number, position, bats_order, team) VALUES ('정민규', '65', '교체 선수', '0', 'HH');
INSERT INTO player (name, back_number, position, bats_order, team) VALUES ('조한민', '4', '교체 선수', '0', 'HH');
INSERT INTO player (name, back_number, position, bats_order, team) VALUES ('채은성', '22', '교체 선수', '0', 'HH');
INSERT INTO player (name, back_number, position, bats_order, team) VALUES ('최인호', '41', '교체 선수', '0', 'HH');
INSERT INTO player (name, back_number, position, bats_order, team) VALUES ('최재훈', '13', '교체 선수', '0', 'HH');
INSERT INTO player (name, back_number, position, bats_order, team) VALUES ('최준서', '94', '교체 선수', '0', 'HH');
INSERT INTO player (name, back_number, position, bats_order, team) VALUES ('플로리얼', '34', '교체 선수', '0', 'HH');
INSERT INTO player (name, back_number, position, bats_order, team) VALUES ('하주석', '16', '교체 선수', '0', 'HH');
INSERT INTO player (name, back_number, position, bats_order, team) VALUES ('한경빈', '6', '교체 선수', '0', 'HH');
INSERT INTO player (name, back_number, position, bats_order, team) VALUES ('한지윤', '67', '교체 선수', '0', 'HH');
INSERT INTO player (name, back_number, position, bats_order, team) VALUES ('허관회', '12', '교체 선수', '0', 'HH');
INSERT INTO player (name, back_number, position, bats_order, team) VALUES ('허인서', '59', '교체 선수', '0', 'HH');
INSERT INTO player (name, back_number, position, bats_order, team) VALUES ('황영묵', '95', '교체 선수', '0', 'HH');

-- 한화 이글스 응원가
INSERT INTO cheer_song (title, lyrics, audio_file_name, player_id) VALUES 
('기본응원가', '워어어 최강한화 김인환 워 승릴위해 외쳐라 (김!인!환!)\n워어어 최강한화 김인환 워어어 워어어어어 (김!인!환!)', 'hh37.mp3', (SELECT id FROM player WHERE name = '김인환' AND team = 'HH'));

INSERT INTO cheer_song (title, lyrics, audio_file_name, player_id) VALUES 
('기본응원가', '한화의 김태연(Let''s go) 힘차게 날려라(Let''s go)\n승리는 언제나 우리의 것(Let''s go 탱구)\n한화의 김태연(Let''s go) 힘차게 날려라(Let''s go)\n승리는 언제나 우리의 것(Let''s go 탱구)\nLet''s go 탱구 (x2)', 'hh25.mp3', (SELECT id FROM player WHERE name = '김태연' AND team = 'HH'));

INSERT INTO cheer_song (title, lyrics, audio_file_name, player_id) VALUES 
('기본응원가', '오 노시환 워어어 워어어어 날려줘요 환상적으로 날려버려 노시환\n오 노시환 워어어 워어어어 날려줘요 환상적으로 안타 홈런 워어어어 노!시!환!', 'hh8.mp3', (SELECT id FROM player WHERE name = '노시환' AND team = 'HH'));

INSERT INTO cheer_song (title, lyrics, audio_file_name, player_id) VALUES 
('기본응원가', '한화 문현빈 워어어어어 한화 문현빈 워어어어어\n최강 한화의 승리를 위해 워어어어 어어어어', 'hh51.mp3', (SELECT id FROM player WHERE name = '문현빈' AND team = 'HH'));

INSERT INTO cheer_song (title, lyrics, audio_file_name, player_id) VALUES 
('기본응원가', '한화의 박상언 워어어어 한화의 박상언 워어어어\n승리의 그이름 박상언 기억해 워어어어', 'hh42.mp3', (SELECT id FROM player WHERE name = '박상언' AND team = 'HH'));

INSERT INTO cheer_song (title, lyrics, audio_file_name, player_id) VALUES 
('기본응원가', '한화 심우준 한화 심우준 오오오\n이글스의 심우준\n한화 심우준 한화 심우준 오오오\n너는 슈퍼 판타스틱', 'hh2.mp3', (SELECT id FROM player WHERE name = '심우준' AND team = 'HH'));

INSERT INTO cheer_song (title, lyrics, audio_file_name, player_id) VALUES 
('기본응원가', '한화 안치홍 한화 안치홍 워어\n승리를 위하여 워어어 워어어', 'hh3.mp3', (SELECT id FROM player WHERE name = '안치홍' AND team = 'HH'));

INSERT INTO cheer_song (title, lyrics, audio_file_name, player_id) VALUES 
('기본응원가', '한화의(의!) 이도윤(윤!) 워어어어어어어 힘차게 날려라 승리를 위하여\n한화의(의!) 이도윤(윤!) 워어어어어어어 힘차게 날려라 이도윤 (이!도!윤!)', 'hh7.mp3', (SELECT id FROM player WHERE name = '이도윤' AND team = 'HH'));

INSERT INTO cheer_song (title, lyrics, audio_file_name, player_id) VALUES 
('기본응원가', '이글스의 이재원 오오오 오오오오\n이글스의 이재원 오오오 오오오오\n이재원 오오오오 오오오오 오오오오\n이글스의 이재원 오오오 오오오오 이!재!원!', 'hh20.mp3', (SELECT id FROM player WHERE name = '이재원' AND team = 'HH'));

INSERT INTO cheer_song (title, lyrics, audio_file_name, player_id) VALUES 
('기본응원가', '한화의 이진영 워어어\n한화의 이진영 워어어\n이순간 너의 모든것을 보여줘 넌! 이진영이다', 'hh10.mp3', (SELECT id FROM player WHERE name = '이진영' AND team = 'HH'));

INSERT INTO cheer_song (title, lyrics, audio_file_name, player_id) VALUES 
('기본응원가', '오 임종찬 짝짝 오 임종찬 짝짝 찬찬찬\n한화 임종찬 로컬보이 워 워워 한화 임종찬', 'hh24.mp3', (SELECT id FROM player WHERE name = '임종찬' AND team = 'HH'));

INSERT INTO cheer_song (title, lyrics, audio_file_name, player_id) VALUES 
('기본응원가', '최강한화 채은성 워어어어\n최강한화 채은성 워어어어\n저!하늘로 날아올라 빛이 되리라 워어어어 한화 채은성', 'hh22.mp3', (SELECT id FROM player WHERE name = '채은성' AND team = 'HH'));

INSERT INTO cheer_song (title, lyrics, audio_file_name, player_id) VALUES 
('기본응원가', '호! 안타 최인호 안타 최인호 워어어어\n이글스의 호! 안타 최인호 안타 최인호 워어어어\n이글스의 최!인!호!', 'hh41.mp3', (SELECT id FROM player WHERE name = '최인호' AND team = 'HH'));

INSERT INTO cheer_song (title, lyrics, audio_file_name, player_id) VALUES 
('기본응원가', '케세라세라 이글스의 승리 위해 워어\n안타 날려줘요 한방 날려줘요 이글스의 최재훈\n케세라세라 이글스의 승리 위해 워어\n안타 날려라 날려라 날려라 날려라 (최! 재! 훈!)', 'hh13.mp3', (SELECT id FROM player WHERE name = '최재훈' AND team = 'HH'));

INSERT INTO cheer_song (title, lyrics, audio_file_name, player_id) VALUES 
('기본응원가', '플로리얼 워어어어 한화의 플!로!리!얼! 워어 어어어', 'hh34.mp3', (SELECT id FROM player WHERE name = '플로리얼' AND team = 'HH'));

INSERT INTO cheer_song (title, lyrics, audio_file_name, player_id) VALUES 
('기본응원가', '하주석 유후 하주석 승리를 위해 함께 외쳐라\n하주석 유후 하주석 승리를 위해 함께 외쳐라 워어\n하!주!석!', 'hh16.mp3', (SELECT id FROM player WHERE name = '하주석' AND team = 'HH'));

INSERT INTO cheer_song (title, lyrics, audio_file_name, player_id) VALUES 
('기본응원가', '한화의 황영묵 날려버려라 한화의 승리를 원하잖아\n최강 한화의 승리를 위해 날려라 묵이\n황!영!묵!', 'hh95.mp3', (SELECT id FROM player WHERE name = '황영묵' AND team = 'HH'));

-- 롯데 자이언츠 선수 데이터  
INSERT INTO player (name, back_number, position, bats_order, team) VALUES ('강승구', '39', '교체 선수', '0', 'LT');
INSERT INTO player (name, back_number, position, bats_order, team) VALUES ('고승민', '2', '교체 선수', '0', 'LT');
INSERT INTO player (name, back_number, position, bats_order, team) VALUES ('김대현', '100', '교체 선수', '0', 'LT');
INSERT INTO player (name, back_number, position, bats_order, team) VALUES ('김동규', '121', '교체 선수', '0', 'LT');
INSERT INTO player (name, back_number, position, bats_order, team) VALUES ('김동혁', '50', '교체 선수', '0', 'LT');
INSERT INTO player (name, back_number, position, bats_order, team) VALUES ('김동현', '64', '교체 선수', '0', 'LT');
INSERT INTO player (name, back_number, position, bats_order, team) VALUES ('김민성', '16', '교체 선수', '0', 'LT');
INSERT INTO player (name, back_number, position, bats_order, team) VALUES ('김세민', '119', '교체 선수', '0', 'LT');
INSERT INTO player (name, back_number, position, bats_order, team) VALUES ('나승엽', '51', '교체 선수', '0', 'LT');
INSERT INTO player (name, back_number, position, bats_order, team) VALUES ('노진혁', '52', '교체 선수', '0', 'LT');
INSERT INTO player (name, back_number, position, bats_order, team) VALUES ('박건우', '109', '교체 선수', '0', 'LT');
INSERT INTO player (name, back_number, position, bats_order, team) VALUES ('박승욱', '53', '교체 선수', '0', 'LT');
INSERT INTO player (name, back_number, position, bats_order, team) VALUES ('박재엽', '63', '교체 선수', '0', 'LT');
INSERT INTO player (name, back_number, position, bats_order, team) VALUES ('박지훈', '108', '교체 선수', '0', 'LT');
INSERT INTO player (name, back_number, position, bats_order, team) VALUES ('박건', '129', '교체 선수', '0', 'LT');
INSERT INTO player (name, back_number, position, bats_order, team) VALUES ('박찬형', '60', '교체 선수', '0', 'LT');
INSERT INTO player (name, back_number, position, bats_order, team) VALUES ('배인혁', '127', '교체 선수', '0', 'LT');
INSERT INTO player (name, back_number, position, bats_order, team) VALUES ('백두산', '62', '교체 선수', '0', 'LT');
INSERT INTO player (name, back_number, position, bats_order, team) VALUES ('레이예스', '29', '교체 선수', '0', 'LT');
INSERT INTO player (name, back_number, position, bats_order, team) VALUES ('서동욱', '106', '교체 선수', '0', 'LT');
INSERT INTO player (name, back_number, position, bats_order, team) VALUES ('손성빈', '28', '교체 선수', '0', 'LT');
INSERT INTO player (name, back_number, position, bats_order, team) VALUES ('손호영', '33', '교체 선수', '0', 'LT');
INSERT INTO player (name, back_number, position, bats_order, team) VALUES ('신윤후', '3', '교체 선수', '0', 'LT');
INSERT INTO player (name, back_number, position, bats_order, team) VALUES ('엄장윤', '123', '교체 선수', '0', 'LT');
INSERT INTO player (name, back_number, position, bats_order, team) VALUES ('오창현', '114', '교체 선수', '0', 'LT');
INSERT INTO player (name, back_number, position, bats_order, team) VALUES ('유강남', '27', '교체 선수', '0', 'LT');
INSERT INTO player (name, back_number, position, bats_order, team) VALUES ('유태웅', '112', '교체 선수', '0', 'LT');
INSERT INTO player (name, back_number, position, bats_order, team) VALUES ('윤동희', '91', '교체 선수', '0', 'LT');
INSERT INTO player (name, back_number, position, bats_order, team) VALUES ('이상화', '113', '교체 선수', '0', 'LT');
INSERT INTO player (name, back_number, position, bats_order, team) VALUES ('이인한', '54', '교체 선수', '0', 'LT');
INSERT INTO player (name, back_number, position, bats_order, team) VALUES ('이주찬', '116', '교체 선수', '0', 'LT');
INSERT INTO player (name, back_number, position, bats_order, team) VALUES ('이태경', '69', '교체 선수', '0', 'LT');
INSERT INTO player (name, back_number, position, bats_order, team) VALUES ('이호준', '30', '교체 선수', '0', 'LT');
INSERT INTO player (name, back_number, position, bats_order, team) VALUES ('윤수녕', '126', '교체 선수', '0', 'LT');
INSERT INTO player (name, back_number, position, bats_order, team) VALUES ('장두성', '7', '교체 선수', '0', 'LT');
INSERT INTO player (name, back_number, position, bats_order, team) VALUES ('전민재', '13', '교체 선수', '0', 'LT');
INSERT INTO player (name, back_number, position, bats_order, team) VALUES ('전준우', '8', '교체 선수', '0', 'LT');
INSERT INTO player (name, back_number, position, bats_order, team) VALUES ('정보근', '42', '교체 선수', '0', 'LT');
INSERT INTO player (name, back_number, position, bats_order, team) VALUES ('정훈', '9', '교체 선수', '0', 'LT');
INSERT INTO player (name, back_number, position, bats_order, team) VALUES ('조세진', '5', '교체 선수', '0', 'LT');
INSERT INTO player (name, back_number, position, bats_order, team) VALUES ('최민규', '105', '교체 선수', '0', 'LT');
INSERT INTO player (name, back_number, position, bats_order, team) VALUES ('최항', '14', '교체 선수', '0', 'LT');
INSERT INTO player (name, back_number, position, bats_order, team) VALUES ('한승현', '35', '교체 선수', '0', 'LT');
INSERT INTO player (name, back_number, position, bats_order, team) VALUES ('한태양', '6', '교체 선수', '0', 'LT');

-- 롯데 자이언츠 응원가
INSERT INTO cheer_song (title, lyrics, audio_file_name, player_id) VALUES 
('기본응원가', '롯데의 고승민 안타 안타 롯데의 고승민 안타 안타\n워어어 워어어 워어어어\n워어어 워어어 워어어어\n롯데의 고승민 안타 안타', 'lt2.mp3', (SELECT id FROM player WHERE name = '고승민' AND team = 'LT'));

INSERT INTO cheer_song (title, lyrics, audio_file_name, player_id) VALUES 
('기본응원가', '롯데 자이언츠 김동혁 오오오오 김동혁\n롯데 자이언츠 김동혁 롯데 김동혁 오 오오오\n(안타! 김!동!혁!) X2', 'lt50.mp3', (SELECT id FROM player WHERE name = '김동혁' AND team = 'LT'));

INSERT INTO cheer_song (title, lyrics, audio_file_name, player_id) VALUES 
('기본응원가', '롯데의 김민성 오오 오오오 오오오 ×4', 'lt16.mp3', (SELECT id FROM player WHERE name = '김민성' AND team = 'LT'));

INSERT INTO cheer_song (title, lyrics, audio_file_name, player_id) VALUES 
('기본응원가', '자이언츠! 나승엽 쌔리라! 안타 안타\n자이언츠! 나승엽 오오오오 오오오 ×2', 'lt51.mp3', (SELECT id FROM player WHERE name = '나승엽' AND team = 'LT'));

INSERT INTO cheer_song (title, lyrics, audio_file_name, player_id) VALUES 
('기본응원가', '롯데 노진혁 롯데 노진혁 오오오\n안타 홈런 오오오 오오오오\n안타 홈런 오오오 오오오오 ×2\n롯데 노진혁', 'lt52.mp3', (SELECT id FROM player WHERE name = '노진혁' AND team = 'LT'));

INSERT INTO cheer_song (title, lyrics, audio_file_name, player_id) VALUES 
('기본응원가', '롯데의 박승욱 안타 안타!\n롯데의 박승욱 안타 안타\n오오오 오오오 오오오 오오오\n롯!데! 박!승!욱! ×2', 'lt53.mp3', (SELECT id FROM player WHERE name = '박승욱' AND team = 'LT'));

INSERT INTO cheer_song (title, lyrics, audio_file_name, player_id) VALUES 
('기본응원가', '빅터 레이예스 안타홈런 오오오\n빅터 레이예스 오오오 오오\n빅터 레이예스 안타홈런 오오오\n빅터 레이예스 (롯데! 레이예스!) x2', 'lt29.mp3', (SELECT id FROM player WHERE name = '레이예스' AND team = 'LT'));

INSERT INTO cheer_song (title, lyrics, audio_file_name, player_id) VALUES 
('기본응원가', '최강롯데 자이언츠 롯데 손성빈!\n안타 손성빈! 안타 손성빈!\n오오오오 오오 손!성!빈! ×2', 'lt28.mp3', (SELECT id FROM player WHERE name = '손성빈' AND team = 'LT'));

INSERT INTO cheer_song (title, lyrics, audio_file_name, player_id) VALUES 
('기본응원가', '롯데의 손호영 안타 쎄리라\n롯데의 손호영 오오오오 ×4', 'lt33.mp3', (SELECT id FROM player WHERE name = '손호영' AND team = 'LT'));

INSERT INTO cheer_song (title, lyrics, audio_file_name, player_id) VALUES 
('기본응원가', '롯데 신윤후 롯데 신윤후\n안타 안타 오오오오 ×2', 'lt3.mp3', (SELECT id FROM player WHERE name = '신윤후' AND team = 'LT'));

INSERT INTO cheer_song (title, lyrics, audio_file_name, player_id) VALUES 
('기본응원가', '롯데의 유강남 오오오 (유!강!남!)\n롯데의 유강남 오 오오오 ×2', 'lt27.mp3', (SELECT id FROM player WHERE name = '유강남' AND team = 'LT'));

INSERT INTO cheer_song (title, lyrics, audio_file_name, player_id) VALUES 
('기본응원가', '롯데의 윤동희! 쌔리라 안타 쌔리라\n최강롯데 자이언츠! 윤동희 (안타!) X2', 'lt91.mp3', (SELECT id FROM player WHERE name = '윤동희' AND team = 'LT'));

INSERT INTO cheer_song (title, lyrics, audio_file_name, player_id) VALUES 
('기본응원가', '롯데 이호준 안타 쎄리라\n오오오오오 오 오오\n롯데 이호준 안타 안타\n롯데의 이호준 ×2', 'lt30.mp3', (SELECT id FROM player WHERE name = '이호준' AND team = 'LT'));

INSERT INTO cheer_song (title, lyrics, audio_file_name, player_id) VALUES 
('기본응원가', '롯데 롯데 장두성 롯데의 장두성\n롯데 롯데 장두성 오 오오 오오오오오 안타! x2', 'lt7.mp3', (SELECT id FROM player WHERE name = '장두성' AND team = 'LT'));

INSERT INTO cheer_song (title, lyrics, audio_file_name, player_id) VALUES 
('기본응원가', '롯데의 전민재 롯데의 전민재 안타 오오오오 오 오오 오\n롯데 전민재 (전민재!) 전민재 롯데의 전민재 안타\n오오오오 오 오오 오 롯데 전민재 (전민재!)', 'lt13.mp3', (SELECT id FROM player WHERE name = '전민재' AND team = 'LT'));

INSERT INTO cheer_song (title, lyrics, audio_file_name, player_id) VALUES 
('기본응원가', '안타! 안타! 쌔리라 쌔리라\n롯!데 전준우\n안타! 안타! 쌔리라 쌔리라\n롯!데 전준우 ×2', 'lt8.mp3', (SELECT id FROM player WHERE name = '전준우' AND team = 'LT'));

INSERT INTO cheer_song (title, lyrics, audio_file_name, player_id) VALUES 
('기본응원가', '롯데 자이언츠 정보근 (Hey!)\n롯데 자이언츠 정보근 (Hey!)\n롯데 자이언츠 정보근 (Hey!)\n오 오오 오오오 ×2', 'lt42.mp3', (SELECT id FROM player WHERE name = '정보근' AND team = 'LT'));

INSERT INTO cheer_song (title, lyrics, audio_file_name, player_id) VALUES 
('기본응원가', '오! 정훈!(정훈! 정훈!) 자이언츠 정훈!\n오 오오오오 오오 오오오 x2 (날려버려!)', 'lt9.mp3', (SELECT id FROM player WHERE name = '정훈' AND team = 'LT'));

INSERT INTO cheer_song (title, lyrics, audio_file_name, player_id) VALUES 
('기본응원가', '오오오 오오 오오오\n오 롯데 롯데 조세진\n오오오 오오 오오오\n오 롯데 롯데 조세진 x2', 'lt5.mp3', (SELECT id FROM player WHERE name = '조세진' AND team = 'LT'));

INSERT INTO cheer_song (title, lyrics, audio_file_name, player_id) VALUES 
('기본응원가', '롯데의 최항 오오오오오 오오오\n최강롯데 자이언츠 최항 안타 ×4', 'lt14.mp3', (SELECT id FROM player WHERE name = '최항' AND team = 'LT'));

INSERT INTO cheer_song (title, lyrics, audio_file_name, player_id) VALUES 
('기본응원가', '롯데 자이언츠 한태양 안타\n오오 오오오오 오오오\n롯데 자이언츠 한태양 안타\n오오오 오 오오오 x2', 'lt6.mp3', (SELECT id FROM player WHERE name = '한태양' AND team = 'LT'));

-- NC 다이노스 선수 데이터
INSERT INTO player (name, back_number, position, bats_order, team) VALUES ('고승완', '60', '교체 선수', '0', 'NC');
INSERT INTO player (name, back_number, position, bats_order, team) VALUES ('권희동', '36', '교체 선수', '0', 'NC');
INSERT INTO player (name, back_number, position, bats_order, team) VALUES ('김동현', '103', '교체 선수', '0', 'NC');
INSERT INTO player (name, back_number, position, bats_order, team) VALUES ('김범준', '66', '교체 선수', '0', 'NC');
INSERT INTO player (name, back_number, position, bats_order, team) VALUES ('김세훈', '9', '교체 선수', '0', 'NC');
INSERT INTO player (name, back_number, position, bats_order, team) VALUES ('김정호', '42', '교체 선수', '0', 'NC');
INSERT INTO player (name, back_number, position, bats_order, team) VALUES ('김주원', '7', '교체 선수', '0', 'NC');
INSERT INTO player (name, back_number, position, bats_order, team) VALUES ('김태호', '109', '교체 선수', '0', 'NC');
INSERT INTO player (name, back_number, position, bats_order, team) VALUES ('김한별', '68', '교체 선수', '0', 'NC');
INSERT INTO player (name, back_number, position, bats_order, team) VALUES ('김형준', '25', '교체 선수', '0', 'NC');
INSERT INTO player (name, back_number, position, bats_order, team) VALUES ('김휘집', '44', '교체 선수', '0', 'NC');
INSERT INTO player (name, back_number, position, bats_order, team) VALUES ('데이비슨', '24', '교체 선수', '0', 'NC');
INSERT INTO player (name, back_number, position, bats_order, team) VALUES ('도태훈', '16', '교체 선수', '0', 'NC');
INSERT INTO player (name, back_number, position, bats_order, team) VALUES ('박건우', '37', '교체 선수', '0', 'NC');
INSERT INTO player (name, back_number, position, bats_order, team) VALUES ('박민우', '2', '교체 선수', '0', 'NC');
INSERT INTO player (name, back_number, position, bats_order, team) VALUES ('박세혁', '10', '교체 선수', '0', 'NC');
INSERT INTO player (name, back_number, position, bats_order, team) VALUES ('박시원', '53', '교체 선수', '0', 'NC');
INSERT INTO player (name, back_number, position, bats_order, team) VALUES ('박성재', '102', '교체 선수', '0', 'NC');
INSERT INTO player (name, back_number, position, bats_order, team) VALUES ('박영빈', '39', '교체 선수', '0', 'NC');
INSERT INTO player (name, back_number, position, bats_order, team) VALUES ('박인우', '112', '교체 선수', '0', 'NC');
INSERT INTO player (name, back_number, position, bats_order, team) VALUES ('박주찬', '113', '교체 선수', '0', 'NC');
INSERT INTO player (name, back_number, position, bats_order, team) VALUES ('서준교', '116', '교체 선수', '0', 'NC');
INSERT INTO player (name, back_number, position, bats_order, team) VALUES ('서호철', '5', '교체 선수', '0', 'NC');
INSERT INTO player (name, back_number, position, bats_order, team) VALUES ('손아섭', '31', '교체 선수', '0', 'NC');
INSERT INTO player (name, back_number, position, bats_order, team) VALUES ('송승환', '8', '교체 선수', '0', 'NC');
INSERT INTO player (name, back_number, position, bats_order, team) VALUES ('신민우', '117', '교체 선수', '0', 'NC');
INSERT INTO player (name, back_number, position, bats_order, team) VALUES ('신성호', '118', '교체 선수', '0', 'NC');
INSERT INTO player (name, back_number, position, bats_order, team) VALUES ('안인산', '119', '교체 선수', '0', 'NC');
INSERT INTO player (name, back_number, position, bats_order, team) VALUES ('안중열', '1', '교체 선수', '0', 'NC');
INSERT INTO player (name, back_number, position, bats_order, team) VALUES ('양가온솔', '120', '교체 선수', '0', 'NC');
INSERT INTO player (name, back_number, position, bats_order, team) VALUES ('오영수', '34', '교체 선수', '0', 'NC');
INSERT INTO player (name, back_number, position, bats_order, team) VALUES ('오태양', '6', '교체 선수', '0', 'NC');
INSERT INTO player (name, back_number, position, bats_order, team) VALUES ('오장한', '105', '교체 선수', '0', 'NC');
INSERT INTO player (name, back_number, position, bats_order, team) VALUES ('유재현', '125', '교체 선수', '0', 'NC');
INSERT INTO player (name, back_number, position, bats_order, team) VALUES ('이한', '122', '교체 선수', '0', 'NC');
INSERT INTO player (name, back_number, position, bats_order, team) VALUES ('장창훈', '93', '교체 선수', '0', 'NC');
INSERT INTO player (name, back_number, position, bats_order, team) VALUES ('정현창', '52', '교체 선수', '0', 'NC');
INSERT INTO player (name, back_number, position, bats_order, team) VALUES ('조창연', '127', '교체 선수', '0', 'NC');
INSERT INTO player (name, back_number, position, bats_order, team) VALUES ('조현민', '128', '교체 선수', '0', 'NC');
INSERT INTO player (name, back_number, position, bats_order, team) VALUES ('조효원', '129', '교체 선수', '0', 'NC');
INSERT INTO player (name, back_number, position, bats_order, team) VALUES ('천재환', '23', '교체 선수', '0', 'NC');
INSERT INTO player (name, back_number, position, bats_order, team) VALUES ('최보성', '130', '교체 선수', '0', 'NC');
INSERT INTO player (name, back_number, position, bats_order, team) VALUES ('최정원', '14', '교체 선수', '0', 'NC');
INSERT INTO player (name, back_number, position, bats_order, team) VALUES ('한석현', '33', '교체 선수', '0', 'NC');
INSERT INTO player (name, back_number, position, bats_order, team) VALUES ('한재환', '35', '교체 선수', '0', 'NC');

-- NC 다이노스 응원가
INSERT INTO cheer_song (title, lyrics, audio_file_name, player_id) VALUES 
('기본응원가', '다이노스 오 권희동NC 오! 권희동 오! 권희동 권희동 안타 NC 오! 권희동 오! 권희동 오 오오오 권! 희! 동!NC 오! 권희동 오! 권희동 권희동 안타 NC 오! 권희동 오! 권희동 오 오오오 권! 희! 동!', 'nc36.mp3', (SELECT id FROM player WHERE name = '권희동' AND team = 'NC'));

INSERT INTO cheer_song (title, lyrics, audio_file_name, player_id) VALUES 
('기본응원가', '다이노 김주원오 NC 김주원 힘차게 달려 라랄랄라 오오오 NC 김주원 승리를 위해 라랄라오 NC 김주원 힘차게 달려 라랄랄라 오오오 NC 김주원 승리를 위해 라랄라다이노스 김! 주! 원!', 'nc7.mp3', (SELECT id FROM player WHERE name = '김주원' AND team = 'NC'));

INSERT INTO cheer_song (title, lyrics, audio_file_name, player_id) VALUES 
('기본응원가', '오오오 김한별 승리를 위하여 안타 치고 달려라 (김한별!)오오오 김한별 승리를 위하여 다이노스 김한별 날려라', 'nc68.mp3', (SELECT id FROM player WHERE name = '김한별' AND team = 'NC'));

INSERT INTO cheer_song (title, lyrics, audio_file_name, player_id) VALUES 
('기본응원가', '오오오 NC 김형준! 오오 오오오오다이노스 승리를 위해 NC 김형준 (김!형!준!) X2', 'nc25.mp3', (SELECT id FROM player WHERE name = '김형준' AND team = 'NC'));

INSERT INTO cheer_song (title, lyrics, audio_file_name, player_id) VALUES 
('기본응원가', '안타 안타 날려버려 다이노스 김휘집 (예!)', 'nc44.mp3', (SELECT id FROM player WHERE name = '김휘집' AND team = 'NC'));

INSERT INTO cheer_song (title, lyrics, audio_file_name, player_id) VALUES 
('기본응원가', '데이비슨 오오 데이비슨 오오오오 데이비슨 오오 NC 다이노스 데 이 비 슨!', 'nc24.mp3', (SELECT id FROM player WHERE name = '데이비슨' AND team = 'NC'));

INSERT INTO cheer_song (title, lyrics, audio_file_name, player_id) VALUES 
('기본응원가', '다이노스 도태훈 안타 오! 오오오오 다이노스 도태훈 안타 오! 오오오오', 'nc16.mp3', (SELECT id FROM player WHERE name = '도태훈' AND team = 'NC'));

INSERT INTO cheer_song (title, lyrics, audio_file_name, player_id) VALUES 
('기본응원가', '워어어 NC 박건우 워어어 NC 박건우 언제나 거침없이 넌 달려왔지쎄리라 NC 박건우 쎄리라 NC 박건우 절대 멈추지 않아 승리를 향해 박건우', 'nc37.mp3', (SELECT id FROM player WHERE name = '박건우' AND team = 'NC'));

INSERT INTO cheer_song (title, lyrics, audio_file_name, player_id) VALUES 
('기본응원가', '오오오 박민우 오오오 박민우 오오오 날려버려 (안타!)', 'nc2(1).mp3', (SELECT id FROM player WHERE name = '박민우' AND team = 'NC'));

INSERT INTO cheer_song (title, lyrics, audio_file_name, player_id) VALUES 
('기본응원가', '오오오 NC의 박민우 오오오 NC의 박민우 오오오 NC의 박민우 다! 이! 노! 스! 박! 민! 우!', 'nc2(2).mp3', (SELECT id FROM player WHERE name = '박민우' AND team = 'NC'));

INSERT INTO cheer_song (title, lyrics, audio_file_name, player_id) VALUES 
('기본응원가', '워어우워어어 NC 박세혁 워어우워어어 NC 박세혁워우워 안방마님 박세혁! 워우워 다이노스 박세혁!', 'nc10.mp3', (SELECT id FROM player WHERE name = '박세혁' AND team = 'NC'));

INSERT INTO cheer_song (title, lyrics, audio_file_name, player_id) VALUES 
('기본응원가', '다이노스 박시원 오오오오오오오오오오 (안! 타! 박시원!)다이노스 박시원 (시원하게 쌔리라!)', 'nc53.mp3', (SELECT id FROM player WHERE name = '박시원' AND team = 'NC'));

INSERT INTO cheer_song (title, lyrics, audio_file_name, player_id) VALUES 
('기본응원가', '다이노스 서호철 워어어 워어 안! 타! 다이노스 서호철 승리를 위해 안! 타!', 'nc5.mp3', (SELECT id FROM player WHERE name = '서호철' AND team = 'NC'));

INSERT INTO cheer_song (title, lyrics, audio_file_name, player_id) VALUES 
('기본응원가', '오! 다이노스 손아섭 NC 승리 위해! 오! 오오오다! 이! 노! 스! 손! 아! 섭!', 'nc31.mp3', (SELECT id FROM player WHERE name = '손아섭' AND team = 'NC'));

INSERT INTO cheer_song (title, lyrics, audio_file_name, player_id) VALUES 
('기본응원가', '다이노스 안중열 거침없이 가자 가자 안중열 (안중열 안타!)다이노스 안중열 거침없이 안타 안타 안중열 (안중열 안타!)', 'nc1.mp3', (SELECT id FROM player WHERE name = '안중열' AND team = 'NC'));

INSERT INTO cheer_song (title, lyrics, audio_file_name, player_id) VALUES 
('기본응원가', '오! 오영수 NC 다이노스 오영수안타를 (쌔리라!) 홈런을 (쌔리라!) 다! 이! 노! 스! 오! 영! 수!', 'nc34.mp3', (SELECT id FROM player WHERE name = '오영수' AND team = 'NC'));

INSERT INTO cheer_song (title, lyrics, audio_file_name, player_id) VALUES 
('기본응원가', '다이노스 천재환 오오오 워어어어 다이노스 천재환 (안! 타! 천재환!)다이노스 천재환 오오오 워어어어 다이노스 천재환 (홈! 런! 천재환!)', 'nc23.mp3', (SELECT id FROM player WHERE name = '천재환' AND team = 'NC'));

INSERT INTO cheer_song (title, lyrics, audio_file_name, player_id) VALUES 
('기본응원가', '다이노스 NC 최정원 안타 안타 날려버려 다이노스 NC 최정원 안타 오오오 최! 정! 원!', 'nc14.mp3', (SELECT id FROM player WHERE name = '최정원' AND team = 'NC'));

INSERT INTO cheer_song (title, lyrics, audio_file_name, player_id) VALUES 
('기본응원가', 'NC 한석현 NC 한석현 NC 한석현 거침없이 가! 자! NC 한석현 NC 한석현 NC 한석현 승리위해 안! 타!NC 한석현 NC 한석현 NC 한석현 오오오오 안! 타! NC 한석현 NC 한석현 NC 한석현 다이노스 한! 석! 현!', 'nc33.mp3', (SELECT id FROM player WHERE name = '한석현' AND team = 'NC'));

-- SSG 랜더스 선수 데이터
INSERT INTO player (name, back_number, position, bats_order, team) VALUES ('고명준', '18', '교체 선수', '0', 'SK');
INSERT INTO player (name, back_number, position, bats_order, team) VALUES ('김규민', '61', '교체 선수', '0', 'SK');
INSERT INTO player (name, back_number, position, bats_order, team) VALUES ('김민식', '24', '교체 선수', '0', 'SK');
INSERT INTO player (name, back_number, position, bats_order, team) VALUES ('김성민', '56', '교체 선수', '0', 'SK');
INSERT INTO player (name, back_number, position, bats_order, team) VALUES ('김성욱', '47', '교체 선수', '0', 'SK');
INSERT INTO player (name, back_number, position, bats_order, team) VALUES ('김성현', '6', '교체 선수', '0', 'SK');
INSERT INTO player (name, back_number, position, bats_order, team) VALUES ('김수윤', '4', '교체 선수', '0', 'SK');
INSERT INTO player (name, back_number, position, bats_order, team) VALUES ('김정민', '4', '교체 선수', '0', 'SK');
INSERT INTO player (name, back_number, position, bats_order, team) VALUES ('김찬형', '5', '교체 선수', '0', 'SK');
INSERT INTO player (name, back_number, position, bats_order, team) VALUES ('김창평', '64', '교체 선수', '0', 'SK');
INSERT INTO player (name, back_number, position, bats_order, team) VALUES ('김태윤', '36', '교체 선수', '0', 'SK');
INSERT INTO player (name, back_number, position, bats_order, team) VALUES ('류효승', '45', '교체 선수', '0', 'SK');
INSERT INTO player (name, back_number, position, bats_order, team) VALUES ('박성한', '2', '교체 선수', '0', 'SK');
INSERT INTO player (name, back_number, position, bats_order, team) VALUES ('박정빈', '58', '교체 선수', '0', 'SK');
INSERT INTO player (name, back_number, position, bats_order, team) VALUES ('박지환', '1', '교체 선수', '0', 'SK');
INSERT INTO player (name, back_number, position, bats_order, team) VALUES ('백준서', '69', '교체 선수', '0', 'SK');
INSERT INTO player (name, back_number, position, bats_order, team) VALUES ('석정우', '52', '교체 선수', '0', 'SK');
INSERT INTO player (name, back_number, position, bats_order, team) VALUES ('신범수', '25', '교체 선수', '0', 'SK');
INSERT INTO player (name, back_number, position, bats_order, team) VALUES ('안상현', '10', '교체 선수', '0', 'SK');
INSERT INTO player (name, back_number, position, bats_order, team) VALUES ('에레디아', '27', '교체 선수', '0', 'SK');
INSERT INTO player (name, back_number, position, bats_order, team) VALUES ('오태곤', '37', '교체 선수', '0', 'SK');
INSERT INTO player (name, back_number, position, bats_order, team) VALUES ('이승민', '9', '교체 선수', '0', 'SK');
INSERT INTO player (name, back_number, position, bats_order, team) VALUES ('이원준', '93', '교체 선수', '0', 'SK');
INSERT INTO player (name, back_number, position, bats_order, team) VALUES ('이율예', '32', '교체 선수', '0', 'SK');
INSERT INTO player (name, back_number, position, bats_order, team) VALUES ('이정범', '31', '교체 선수', '0', 'SK');
INSERT INTO player (name, back_number, position, bats_order, team) VALUES ('이지영', '59', '교체 선수', '0', 'SK');
INSERT INTO player (name, back_number, position, bats_order, team) VALUES ('임근우', '68', '교체 선수', '0', 'SK');
INSERT INTO player (name, back_number, position, bats_order, team) VALUES ('정준재', '3', '교체 선수', '0', 'SK');
INSERT INTO player (name, back_number, position, bats_order, team) VALUES ('조형우', '20', '교체 선수', '0', 'SK');
INSERT INTO player (name, back_number, position, bats_order, team) VALUES ('채현우', '15', '교체 선수', '0', 'SK');
INSERT INTO player (name, back_number, position, bats_order, team) VALUES ('최민창', '53', '교체 선수', '0', 'SK');
INSERT INTO player (name, back_number, position, bats_order, team) VALUES ('최상민', '23', '교체 선수', '0', 'SK');
INSERT INTO player (name, back_number, position, bats_order, team) VALUES ('최윤석', '94', '교체 선수', '0', 'SK');
INSERT INTO player (name, back_number, position, bats_order, team) VALUES ('최정', '14', '교체 선수', '0', 'SK');
INSERT INTO player (name, back_number, position, bats_order, team) VALUES ('최준우', '7', '교체 선수', '0', 'SK');
INSERT INTO player (name, back_number, position, bats_order, team) VALUES ('최지훈', '54', '교체 선수', '0', 'SK');
INSERT INTO player (name, back_number, position, bats_order, team) VALUES ('하재훈', '13', '교체 선수', '0', 'SK');
INSERT INTO player (name, back_number, position, bats_order, team) VALUES ('한유섬', '35', '교체 선수', '0', 'SK');
INSERT INTO player (name, back_number, position, bats_order, team) VALUES ('허진', '67', '교체 선수', '0', 'SK');
INSERT INTO player (name, back_number, position, bats_order, team) VALUES ('현원회', '8', '교체 선수', '0', 'SK');
INSERT INTO player (name, back_number, position, bats_order, team) VALUES ('홍대인', '97', '교체 선수', '0', 'SK');

-- SSG 랜더스 응원가
INSERT INTO cheer_song (title, lyrics, audio_file_name, player_id) VALUES 
('기본응원가', '아고명준 오오오 오(×3)랜더스의 고명준!×2', 'sk18.mp3', (SELECT id FROM player WHERE name = '고명준' AND team = 'SK'));

INSERT INTO cheer_song (title, lyrics, audio_file_name, player_id) VALUES 
('기본응원가', '오! 김민식 안타 워 워어어어오! 김민식 안타 워어 워어어어×2', 'sk24.mp3', (SELECT id FROM player WHERE name = '김민식' AND team = 'SK'));

INSERT INTO cheer_song (title, lyrics, audio_file_name, player_id) VALUES 
('기본응원가', '김성민 날려라 오오오오오김성민 오! 안타 날려라×2', 'sk56.mp3', (SELECT id FROM player WHERE name = '김성민' AND team = 'SK'));

INSERT INTO cheer_song (title, lyrics, audio_file_name, player_id) VALUES 
('기본응원가', '랜더스의 김성현 날려버려 김성현아아아아아아아아 안타!오오오오오오오오 안타!×2', 'sk6.mp3', (SELECT id FROM player WHERE name = '김성현' AND team = 'SK'));

INSERT INTO cheer_song (title, lyrics, audio_file_name, player_id) VALUES 
('기본응원가', '오! 안타 김찬형(짝짝)(×2)오오오오 랜더스 위해 안타 김찬형×2', 'sk5.mp3', (SELECT id FROM player WHERE name = '김찬형' AND team = 'SK'));

INSERT INTO cheer_song (title, lyrics, audio_file_name, player_id) VALUES 
('기본응원가', '김창평 안타 김창평 안타 랜더스의 김창평×4', 'sk64.mp3', (SELECT id FROM player WHERE name = '김창평' AND team = 'SK'));

INSERT INTO cheer_song (title, lyrics, audio_file_name, player_id) VALUES 
('기본응원가', '박성한! 랜더스 위하여시원하게 날려라오오오 오오오오×2', 'sk2.mp3', (SELECT id FROM player WHERE name = '박성한' AND team = 'SK'));

INSERT INTO cheer_song (title, lyrics, audio_file_name, player_id) VALUES 
('기본응원가', '오오오 랜더스 오오오 박지환 승리를 위하여안타 날려라 x2', 'sk1.mp3', (SELECT id FROM player WHERE name = '박지환' AND team = 'SK'));

INSERT INTO cheer_song (title, lyrics, audio_file_name, player_id) VALUES 
('기본응원가', '열!쩡! 신범수 오오오오오(안타!) ×4', 'sk25.mp3', (SELECT id FROM player WHERE name = '신범수' AND team = 'SK'));

INSERT INTO cheer_song (title, lyrics, audio_file_name, player_id) VALUES 
('기본응원가', '오오오 오오오 랜더스의 안상현오오오 오오오 치!고 달려라×2', 'sk10.mp3', (SELECT id FROM player WHERE name = '안상현' AND team = 'SK'));

INSERT INTO cheer_song (title, lyrics, audio_file_name, player_id) VALUES 
('기본응원가', '랜더스 에레디아 안타 에헤라디아랜더스 에레디아 워우워어어×2에!레!디아!', 'sk27.mp3', (SELECT id FROM player WHERE name = '에레디아' AND team = 'SK'));

INSERT INTO cheer_song (title, lyrics, audio_file_name, player_id) VALUES 
('기본응원가', '오! 안타 오태곤 오오오 오오오오! 안타 오태곤 오오오오랜더스의 승리 위해×2', 'sk37.mp3', (SELECT id FROM player WHERE name = '오태곤' AND team = 'SK'));

INSERT INTO cheer_song (title, lyrics, audio_file_name, player_id) VALUES 
('기본응원가', '워 워워워워 랜더스 이정범워 워워워 워워워 안타 날려버려×2', 'sk31.mp3', (SELECT id FROM player WHERE name = '이정범' AND team = 'SK'));

INSERT INTO cheer_song (title, lyrics, audio_file_name, player_id) VALUES 
('기본응원가', 'SSG 안방마님 이지영 안타!오 랜더스의 이지영 안타! 안타를 날려줘요이야이야이야이야x2', 'sk59.mp3', (SELECT id FROM player WHERE name = '이지영' AND team = 'SK'));

INSERT INTO cheer_song (title, lyrics, audio_file_name, player_id) VALUES 
('기본응원가', '오 안타 정준재 치고 달려 정준재오 안타 정준재 랜더스의 정준재오 오오오오오 치고 달려 정준재오 오오오오오 랜더스의 정준재', 'sk3.mp3', (SELECT id FROM player WHERE name = '정준재' AND team = 'SK'));

INSERT INTO cheer_song (title, lyrics, audio_file_name, player_id) VALUES 
('기본응원가', '조형우 워어어어 시원하게날려라 워어어어 짜릿하게넘겨라 워어어어 랜더스 조형우 ×2', 'sk20.mp3', (SELECT id FROM player WHERE name = '조형우' AND team = 'SK'));

INSERT INTO cheer_song (title, lyrics, audio_file_name, player_id) VALUES 
('기본응원가', '빠바바바바밤 최! 빠바바바바밤 정!빰빠라바라바라밤 최! 정! 홈! 런!×4', 'sk14(1).mp3', (SELECT id FROM player WHERE name = '최정' AND team = 'SK'));

INSERT INTO cheer_song (title, lyrics, audio_file_name, player_id) VALUES 
('두번째 응원가', '오! 승리의 최정(최!정!홈!런!)오! 랜더스 최정(최!정!홈!런!)오오오오오 우리의 최정오오오 오오오 최정(최!정!홈!런!)×2', 'sk14(2).mp3', (SELECT id FROM player WHERE name = '최정' AND team = 'SK'));

INSERT INTO cheer_song (title, lyrics, audio_file_name, player_id) VALUES 
('기본응원가', '랜더스 최준우 안타!오오오오 오오오랜더스 최준우 안타!오오오오 최준우×2', 'sk7.mp3', (SELECT id FROM player WHERE name = '최준우' AND team = 'SK'));

INSERT INTO cheer_song (title, lyrics, audio_file_name, player_id) VALUES 
('기본응원가', '최지훈 안타! 최지훈 안타! 오오 오 오오오최지훈 안타! 최지훈 안타! 랜더스의 승리 위하여×2', 'sk54.mp3', (SELECT id FROM player WHERE name = '최지훈' AND team = 'SK'));

INSERT INTO cheer_song (title, lyrics, audio_file_name, player_id) VALUES 
('기본응원가', '하! 재! 훈랜더스의! 하재훈 안타워어어어어 하재훈 안타랜더스의! 하재훈 안타승리를 위해 하재훈 안타×2', 'sk13.mp3', (SELECT id FROM player WHERE name = '하재훈' AND team = 'SK'));

INSERT INTO cheer_song (title, lyrics, audio_file_name, player_id) VALUES 
('기본응원가', '야 야 야 야한유섬 날려버려라(홈런!) (×2)한유섬 날려버려라×2', 'sk35.mp3', (SELECT id FROM player WHERE name = '한유섬' AND team = 'SK'));

-- 두산 베어스 선수 데이터
INSERT INTO player (name, back_number, position, bats_order, team) VALUES ('고승현', '37', '교체 선수', '0', 'OB');
INSERT INTO player (name, back_number, position, bats_order, team) VALUES ('김기연', '48', '교체 선수', '0', 'OB');
INSERT INTO player (name, back_number, position, bats_order, team) VALUES ('김동주', '53', '교체 선수', '0', 'OB');
INSERT INTO player (name, back_number, position, bats_order, team) VALUES ('김민혁', '25', '교체 선수', '0', 'OB');
INSERT INTO player (name, back_number, position, bats_order, team) VALUES ('김승현', '68', '교체 선수', '0', 'OB');
INSERT INTO player (name, back_number, position, bats_order, team) VALUES ('김재환', '27', '교체 선수', '0', 'OB');
INSERT INTO player (name, back_number, position, bats_order, team) VALUES ('김재호', '2', '교체 선수', '0', 'OB');
INSERT INTO player (name, back_number, position, bats_order, team) VALUES ('김진욱', '6', '교체 선수', '0', 'OB');
INSERT INTO player (name, back_number, position, bats_order, team) VALUES ('김택연', '32', '교체 선수', '0', 'OB');
INSERT INTO player (name, back_number, position, bats_order, team) VALUES ('김필수', '1', '교체 선수', '0', 'OB');
INSERT INTO player (name, back_number, position, bats_order, team) VALUES ('김형준', '15', '교체 선수', '0', 'OB');
INSERT INTO player (name, back_number, position, bats_order, team) VALUES ('류원웅', '41', '교체 선수', '0', 'OB');
INSERT INTO player (name, back_number, position, bats_order, team) VALUES ('박건우', '8', '교체 선수', '0', 'OB');
INSERT INTO player (name, back_number, position, bats_order, team) VALUES ('박상현', '45', '교체 선수', '0', 'OB');
INSERT INTO player (name, back_number, position, bats_order, team) VALUES ('박승욱', '23', '교체 선수', '0', 'OB');
INSERT INTO player (name, back_number, position, bats_order, team) VALUES ('박진혁', '31', '교체 선수', '0', 'OB');
INSERT INTO player (name, back_number, position, bats_order, team) VALUES ('박철민', '5', '교체 선수', '0', 'OB');
INSERT INTO player (name, back_number, position, bats_order, team) VALUES ('신정락', '34', '교체 선수', '0', 'OB');
INSERT INTO player (name, back_number, position, bats_order, team) VALUES ('양의지', '22', '교체 선수', '0', 'OB');
INSERT INTO player (name, back_number, position, bats_order, team) VALUES ('양석환', '16', '교체 선수', '0', 'OB');
INSERT INTO player (name, back_number, position, bats_order, team) VALUES ('엄상백', '14', '교체 선수', '0', 'OB');
INSERT INTO player (name, back_number, position, bats_order, team) VALUES ('오재원', '10', '교체 선수', '0', 'OB');
INSERT INTO player (name, back_number, position, bats_order, team) VALUES ('이유찬', '13', '교체 선수', '0', 'OB');
INSERT INTO player (name, back_number, position, bats_order, team) VALUES ('임찬우', '33', '교체 선수', '0', 'OB');
INSERT INTO player (name, back_number, position, bats_order, team) VALUES ('장승현', '51', '교체 선수', '0', 'OB');
INSERT INTO player (name, back_number, position, bats_order, team) VALUES ('전민수', '7', '교체 선수', '0', 'OB');
INSERT INTO player (name, back_number, position, bats_order, team) VALUES ('정수빈', '0', '교체 선수', '0', 'OB');
INSERT INTO player (name, back_number, position, bats_order, team) VALUES ('정호민', '44', '교체 선수', '0', 'OB');
INSERT INTO player (name, back_number, position, bats_order, team) VALUES ('조수행', '9', '교체 선수', '0', 'OB');
INSERT INTO player (name, back_number, position, bats_order, team) VALUES ('진우원', '63', '교체 선수', '0', 'OB');
INSERT INTO player (name, back_number, position, bats_order, team) VALUES ('최영권', '62', '교체 선수', '0', 'OB');
INSERT INTO player (name, back_number, position, bats_order, team) VALUES ('허경민', '15', '교체 선수', '0', 'OB');
INSERT INTO player (name, back_number, position, bats_order, team) VALUES ('허도환', '30', '교체 선수', '0', 'OB');

-- 두산 베어스 응원가
INSERT INTO cheer_song (title, lyrics, audio_file_name, player_id) VALUES 
('기본응원가', '두산 김기연 워어어어어 두산 김기연 워어 위훗우!두산 김기연 워어어어어 승리를 위해 워어 위훗우! ×2', 'ob48.mp3', (SELECT id FROM player WHERE name = '김기연' AND team = 'OB'));

INSERT INTO cheer_song (title, lyrics, audio_file_name, player_id) VALUES 
('기본응원가', '두산의 김민혁 베어스 김민혁 안타 김민혁 워어어어 워어어어두산의 김민혁 베어스 김민혁 안타 김민혁 워어어어 베!어!스!', 'ob25.mp3', (SELECT id FROM player WHERE name = '김민혁' AND team = 'OB'));

INSERT INTO cheer_song (title, lyrics, audio_file_name, player_id) VALUES 
('기본응원가', '킴! 재! 환! 베어스 김재환!킴! 재! 환! 베어스 김재환! (베어스!)킴! 재! 환! 베어스 김재환!킴! 재! 환! 오! 김재환!', 'ob27.mp3', (SELECT id FROM player WHERE name = '김재환' AND team = 'OB'));

INSERT INTO cheer_song (title, lyrics, audio_file_name, player_id) VALUES 
('기본응원가', '두산의 김재호 두산의 김재호오오 오오오오 안타 김재호두산의 김재호 두산의 김재호 베!어!스!김!재!호!', 'ob2.mp3', (SELECT id FROM player WHERE name = '김재호' AND team = 'OB'));

INSERT INTO cheer_song (title, lyrics, audio_file_name, player_id) VALUES 
('기본응원가', '두산의 김진욱 베어스 김진욱 승리 위해서두산의 김진욱 베어스 김진욱 진!욱!진!욱!', 'ob6.mp3', (SELECT id FROM player WHERE name = '김진욱' AND team = 'OB'));

INSERT INTO cheer_song (title, lyrics, audio_file_name, player_id) VALUES 
('기본응원가', '김택연 워어어어 김택연 오 안타 김택연두산의 김택연 베어스의 승리를 위해×2', 'ob32.mp3', (SELECT id FROM player WHERE name = '김택연' AND team = 'OB'));

INSERT INTO cheer_song (title, lyrics, audio_file_name, player_id) VALUES 
('기본응원가', '베어스 박건우 안타! 오오오오두산 박건우 안타! 베어스의 승리를 위해×2', 'ob8.mp3', (SELECT id FROM player WHERE name = '박건우' AND team = 'OB'));

INSERT INTO cheer_song (title, lyrics, audio_file_name, player_id) VALUES 
('기본응원가', '두산의 박승욱 끝까지 가자 워어어어 베어스 박승욱두산의 박승욱 끝까지 가자 워어어어 박승욱 (박승욱!) ×2', 'ob23.mp3', (SELECT id FROM player WHERE name = '박승욱' AND team = 'OB'));

INSERT INTO cheer_song (title, lyrics, audio_file_name, player_id) VALUES 
('기본응원가', '양의지 베어스 양의지 (의지!)양의지 베어스 양의지 날려라양의지 베어스 양의지 워어어어×2', 'ob22.mp3', (SELECT id FROM player WHERE name = '양의지' AND team = 'OB'));

INSERT INTO cheer_song (title, lyrics, audio_file_name, player_id) VALUES 
('기본응원가', '베어스 양석환 (파이팅!) 베어스 양석환 (파이팅!)베어스 양석환 (파이팅!) 오! 양석환 ×2', 'ob16.mp3', (SELECT id FROM player WHERE name = '양석환' AND team = 'OB'));

INSERT INTO cheer_song (title, lyrics, audio_file_name, player_id) VALUES 
('기본응원가', '두산 엄상백 워어어 베어스 엄상백 안타 오오오 두산 엄상백 두산 엄상백 (안타!) ×2', 'ob14.mp3', (SELECT id FROM player WHERE name = '엄상백' AND team = 'OB'));

INSERT INTO cheer_song (title, lyrics, audio_file_name, player_id) VALUES 
('기본응원가', '두산 오재원 승리 위해! 두산 오재원오! 오재원 승리를 위해! 오! 베어스 오재원 ×2', 'ob10.mp3', (SELECT id FROM player WHERE name = '오재원' AND team = 'OB'));

INSERT INTO cheer_song (title, lyrics, audio_file_name, player_id) VALUES 
('기본응원가', '두산 이유찬 두산 이유찬 오 오오오오 안타 안타두산 이유찬 두산 이유찬 오 오오오오 이유찬! (이유찬!) ×2', 'ob13.mp3', (SELECT id FROM player WHERE name = '이유찬' AND team = 'OB'));

INSERT INTO cheer_song (title, lyrics, audio_file_name, player_id) VALUES 
('기본응원가', '베어스 장승현 워어어어어 날려 장승현 승리 위해서 워어어어어× 2', 'ob51.mp3', (SELECT id FROM player WHERE name = '장승현' AND team = 'OB'));

INSERT INTO cheer_song (title, lyrics, audio_file_name, player_id) VALUES 
('기본응원가', '오 베어스 전민수! 전! 민! 수!오 두산의 전민수! 전! 민! 수!오오오오 전민수 두산 베어스 전민수!×2', 'ob7.mp3', (SELECT id FROM player WHERE name = '전민수' AND team = 'OB'));

INSERT INTO cheer_song (title, lyrics, audio_file_name, player_id) VALUES 
('기본응원가', '베어스의 조수행 (후!) 승리를 위하여 (후!) 안타를 날려라 (후!) 베! 어! 스! 조! 수! 행!베어스의 조수행 (후!) 승리를 위하여 (후!) 안타를 날려라 (후!) 호! 호! 호! 호! 호!', 'ob9.mp3', (SELECT id FROM player WHERE name = '조수행' AND team = 'OB'));

-- KT wiz 선수 데이터
INSERT INTO player (name, back_number, position, bats_order, team) VALUES ('강백호', '50', '교체 선수', '0', 'KT');
INSERT INTO player (name, back_number, position, bats_order, team) VALUES ('강현우', '63', '교체 선수', '0', 'KT');
INSERT INTO player (name, back_number, position, bats_order, team) VALUES ('고영표', '56', '교체 선수', '0', 'KT');
INSERT INTO player (name, back_number, position, bats_order, team) VALUES ('김강률', '24', '교체 선수', '0', 'KT');
INSERT INTO player (name, back_number, position, bats_order, team) VALUES ('김민혁', '8', '교체 선수', '0', 'KT');
INSERT INTO player (name, back_number, position, bats_order, team) VALUES ('김상수', '1', '교체 선수', '0', 'KT');
INSERT INTO player (name, back_number, position, bats_order, team) VALUES ('김승회', '20', '교체 선수', '0', 'KT');
INSERT INTO player (name, back_number, position, bats_order, team) VALUES ('김연수', '94', '교체 선수', '0', 'KT');
INSERT INTO player (name, back_number, position, bats_order, team) VALUES ('김정민', '99', '교체 선수', '0', 'KT');
INSERT INTO player (name, back_number, position, bats_order, team) VALUES ('김태군', '23', '교체 선수', '0', 'KT');
INSERT INTO player (name, back_number, position, bats_order, team) VALUES ('나성범', '22', '교체 선수', '0', 'KT');
INSERT INTO player (name, back_number, position, bats_order, team) VALUES ('데스파이네', '36', '교체 선수', '0', 'KT');
INSERT INTO player (name, back_number, position, bats_order, team) VALUES ('로하스', '3', '교체 선수', '0', 'KT');
INSERT INTO player (name, back_number, position, bats_order, team) VALUES ('문성현', '4', '교체 선수', '0', 'KT');
INSERT INTO player (name, back_number, position, bats_order, team) VALUES ('박경수', '36', '교체 선수', '0', 'KT');
INSERT INTO player (name, back_number, position, bats_order, team) VALUES ('박민', '14', '교체 선수', '0', 'KT');
INSERT INTO player (name, back_number, position, bats_order, team) VALUES ('박영현', '25', '교체 선수', '0', 'KT');
INSERT INTO player (name, back_number, position, bats_order, team) VALUES ('박병호', '52', '교체 선수', '0', 'KT');
INSERT INTO player (name, back_number, position, bats_order, team) VALUES ('박시원', '51', '교체 선수', '0', 'KT');
INSERT INTO player (name, back_number, position, bats_order, team) VALUES ('박찬준', '7', '교체 선수', '0', 'KT');
INSERT INTO player (name, back_number, position, bats_order, team) VALUES ('배정대', '27', '교체 선수', '0', 'KT');
INSERT INTO player (name, back_number, position, bats_order, team) VALUES ('손동현', '13', '교체 선수', '0', 'KT');
INSERT INTO player (name, back_number, position, bats_order, team) VALUES ('송현준', '28', '교체 선수', '0', 'KT');
INSERT INTO player (name, back_number, position, bats_order, team) VALUES ('심우준', '15', '교체 선수', '0', 'KT');
INSERT INTO player (name, back_number, position, bats_order, team) VALUES ('알칸타라', '44', '교체 선수', '0', 'KT');
INSERT INTO player (name, back_number, position, bats_order, team) VALUES ('안동현', '10', '교체 선수', '0', 'KT');
INSERT INTO player (name, back_number, position, bats_order, team) VALUES ('이가현', '67', '교체 선수', '0', 'KT');
INSERT INTO player (name, back_number, position, bats_order, team) VALUES ('이동훈', '53', '교체 선수', '0', 'KT');
INSERT INTO player (name, back_number, position, bats_order, team) VALUES ('이상동', '55', '교체 선수', '0', 'KT');
INSERT INTO player (name, back_number, position, bats_order, team) VALUES ('장성우', '34', '교체 선수', '0', 'KT');
INSERT INTO player (name, back_number, position, bats_order, team) VALUES ('전용주', '5', '교체 선수', '0', 'KT');
INSERT INTO player (name, back_number, position, bats_order, team) VALUES ('정기현', '35', '교체 선수', '0', 'KT');
INSERT INTO player (name, back_number, position, bats_order, team) VALUES ('조대현', '9', '교체 선수', '0', 'KT');
INSERT INTO player (name, back_number, position, bats_order, team) VALUES ('천성호', '6', '교체 선수', '0', 'KT');
INSERT INTO player (name, back_number, position, bats_order, team) VALUES ('허경민', '2', '교체 선수', '0', 'KT');

-- KT wiz 응원가
INSERT INTO cheer_song (title, lyrics, audio_file_name, player_id) VALUES 
('기본응원가', 'KT의 강백호 워어 워어어 KT의 강백호 워어 워어어 강백호 날려 강백호 날려 KT위즈의 강백호 × 2', 'kt50(1).mp3', (SELECT id FROM player WHERE name = '강백호' AND team = 'KT'));

INSERT INTO cheer_song (title, lyrics, audio_file_name, player_id) VALUES 
('두번째 응원가', 'KT의 강백호 워어 워어어 KT의 강백호 워어 워어어 강백호 안타 강백호 안타 KT위즈의 강백호', 'kt50(2).mp3', (SELECT id FROM player WHERE name = '강백호' AND team = 'KT'));

INSERT INTO cheer_song (title, lyrics, audio_file_name, player_id) VALUES 
('기본응원가', 'KT 김민혁 워어어 어어어 KT 김민혁 워어어 어어어 김민혁 안타 김민혁 홈런 KT위즈의 김민혁 × 2', 'kt8.mp3', (SELECT id FROM player WHERE name = '김민혁' AND team = 'KT'));

INSERT INTO cheer_song (title, lyrics, audio_file_name, player_id) VALUES 
('기본응원가', 'KT의 김태군 KT의 김태군 워어어 어어어어 안타를 날려 승리를 위해 KT의 김태군 × 2', 'kt23.mp3', (SELECT id FROM player WHERE name = '김태군' AND team = 'KT'));

INSERT INTO cheer_song (title, lyrics, audio_file_name, player_id) VALUES 
('기본응원가', 'KT의 나성범 안타! 나성범 오오오 안타! 나성범 KT 위즈의 나성범 × 2', 'kt22.mp3', (SELECT id FROM player WHERE name = '나성범' AND team = 'KT'));

INSERT INTO cheer_song (title, lyrics, audio_file_name, player_id) VALUES 
('기본응원가', '위! 즈! 위! 즈! 데스파이네 (위~즈!) KT의 데스파이네 안타 안타 날려버려 × 2', 'kt36.mp3', (SELECT id FROM player WHERE name = '데스파이네' AND team = 'KT'));

INSERT INTO cheer_song (title, lyrics, audio_file_name, player_id) VALUES 
('기본응원가', '로! 하! 스! KT 로하스 위즈의 승리 위하여 로! 하! 스! × 2', 'kt3(1).mp3', (SELECT id FROM player WHERE name = '로하스' AND team = 'KT'));

INSERT INTO cheer_song (title, lyrics, audio_file_name, player_id) VALUES 
('두번째 응원가', '로하스 워어어어 로하스 워어어어 KT 로하스 안타 안타 워어어어 × 2', 'kt3(2).mp3', (SELECT id FROM player WHERE name = '로하스' AND team = 'KT'));

INSERT INTO cheer_song (title, lyrics, audio_file_name, player_id) VALUES 
('기본응원가', 'KT 박병호 KT 박병호 워어어어어 안타 안타 워어어어어 홈런 홈런 KT의 박병호 × 2', 'kt52(1).mp3', (SELECT id FROM player WHERE name = '박병호' AND team = 'KT'));

INSERT INTO cheer_song (title, lyrics, audio_file_name, player_id) VALUES 
('두번째 응원가', '박병호 워어어어 날려 박병호 워어어어 날려 KT의 승리를 위해 박! 병! 호!', 'kt52(2).mp4', (SELECT id FROM player WHERE name = '박병호' AND team = 'KT'));

INSERT INTO cheer_song (title, lyrics, audio_file_name, player_id) VALUES 
('기본응원가', 'KT의 박시원 KT의 박시원 오오오오 오오오오 시원하게 날려 승리를 위해 × 2', 'kt51.mp3', (SELECT id FROM player WHERE name = '박시원' AND team = 'KT'));

INSERT INTO cheer_song (title, lyrics, audio_file_name, player_id) VALUES 
('기본응원가', 'KT의 박찬준 워어어어 어어 박찬준 승리를 위해 박찬준 KT의 박찬준 × 2', 'kt7(1).mp3', (SELECT id FROM player WHERE name = '박찬준' AND team = 'KT'));

INSERT INTO cheer_song (title, lyrics, audio_file_name, player_id) VALUES 
('두번째 응원가', '박! 찬! 준! 워어어어어 박! 찬! 준! 워어어어어 박찬준 안타 박찬준 홈런 위! 즈! 박! 찬! 준!', 'kt7(2).mp3', (SELECT id FROM player WHERE name = '박찬준' AND team = 'KT'));

INSERT INTO cheer_song (title, lyrics, audio_file_name, player_id) VALUES 
('기본응원가', 'KT의 배정대 워어어어 워어어어 위즈의 승리 위해 배정대 × 2', 'kt27.mp3', (SELECT id FROM player WHERE name = '배정대' AND team = 'KT'));

INSERT INTO cheer_song (title, lyrics, audio_file_name, player_id) VALUES 
('기본응원가', '손동현 워어어어 손동현 워어어어 위! 즈! 손! 동! 현! × 2', 'kt13.mp3', (SELECT id FROM player WHERE name = '손동현' AND team = 'KT'));

INSERT INTO cheer_song (title, lyrics, audio_file_name, player_id) VALUES 
('기본응원가', 'KT의 송현준 워어어 송현준 KT위즈의 승리위해 KT의 송현준 × 2', 'kt28.mp3', (SELECT id FROM player WHERE name = '송현준' AND team = 'KT'));

INSERT INTO cheer_song (title, lyrics, audio_file_name, player_id) VALUES 
('기본응원가', '알칸타라 오오오오 오오오오 시원하게 날려 알칸타라 홈런 × 2', 'kt44.mp3', (SELECT id FROM player WHERE name = '알칸타라' AND team = 'KT'));

INSERT INTO cheer_song (title, lyrics, audio_file_name, player_id) VALUES 
('기본응원가', 'KT의 안동현 위즈의 안동현 안동현 안타 안동현 홈런 KT의 안동현 × 2', 'kt10.mp3', (SELECT id FROM player WHERE name = '안동현' AND team = 'KT'));

INSERT INTO cheer_song (title, lyrics, audio_file_name, player_id) VALUES 
('기본응원가', 'KT 장성우 위! 즈! 장성우 KT의 승리 위해 장성우 안타 × 2', 'kt34.mp3', (SELECT id FROM player WHERE name = '장성우' AND team = 'KT'));

INSERT INTO cheer_song (title, lyrics, audio_file_name, player_id) VALUES 
('기본응원가', 'KT의 조대현 워어어어 조대현 안타 안타 날려 KT위즈의 조대현 × 2', 'kt55.mp3', (SELECT id FROM player WHERE name = '조대현' AND team = 'KT'));

INSERT INTO cheer_song (title, lyrics, audio_file_name, player_id) VALUES 
('기본응원가', 'KT의 천성호 어어어어 어어어어 천성호 안타 천성호 홈런 KT의 천성호 × 2', 'kt56.mp3', (SELECT id FROM player WHERE name = '천성호' AND team = 'KT'));

INSERT INTO cheer_song (title, lyrics, audio_file_name, player_id) VALUES 
('기본응원가', 'KT의 허경민 허경민 워어어어 위즈의 승리 위해 허경민 안타 × 2', 'kt14.mp3', (SELECT id FROM player WHERE name = '허경민' AND team = 'KT'));

-- 키움 히어로즈 선수 데이터
INSERT INTO player (name, back_number, position, bats_order, team) VALUES ('곽빈', '129', '교체 선수', '0', 'WO');
INSERT INTO player (name, back_number, position, bats_order, team) VALUES ('김건형', '61', '교체 선수', '0', 'WO');
INSERT INTO player (name, back_number, position, bats_order, team) VALUES ('김규현', '53', '교체 선수', '0', 'WO');
INSERT INTO player (name, back_number, position, bats_order, team) VALUES ('김민수', '15', '교체 선수', '0', 'WO');
INSERT INTO player (name, back_number, position, bats_order, team) VALUES ('김수환', '97', '교체 선수', '0', 'WO');
INSERT INTO player (name, back_number, position, bats_order, team) VALUES ('김연준', '60', '교체 선수', '0', 'WO');
INSERT INTO player (name, back_number, position, bats_order, team) VALUES ('김재관', '17', '교체 선수', '0', 'WO');
INSERT INTO player (name, back_number, position, bats_order, team) VALUES ('김정훈', '47', '교체 선수', '0', 'WO');
INSERT INTO player (name, back_number, position, bats_order, team) VALUES ('김준완', '44', '교체 선수', '0', 'WO');
INSERT INTO player (name, back_number, position, bats_order, team) VALUES ('김지환', '93', '교체 선수', '0', 'WO');
INSERT INTO player (name, back_number, position, bats_order, team) VALUES ('김하성', '32', '교체 선수', '0', 'WO');
INSERT INTO player (name, back_number, position, bats_order, team) VALUES ('김혜성', '64', '교체 선수', '0', 'WO');
INSERT INTO player (name, back_number, position, bats_order, team) VALUES ('남윤성', '36', '교체 선수', '0', 'WO');
INSERT INTO player (name, back_number, position, bats_order, team) VALUES ('독곤잘레스', '58', '교체 선수', '0', 'WO');
INSERT INTO player (name, back_number, position, bats_order, team) VALUES ('문동주', '57', '교체 선수', '0', 'WO');
INSERT INTO player (name, back_number, position, bats_order, team) VALUES ('박동원', '29', '교체 선수', '0', 'WO');
INSERT INTO player (name, back_number, position, bats_order, team) VALUES ('박상원', '48', '교체 선수', '0', 'WO');
INSERT INTO player (name, back_number, position, bats_order, team) VALUES ('박성우', '38', '교체 선수', '0', 'WO');
INSERT INTO player (name, back_number, position, bats_order, team) VALUES ('박병호', '6', '교체 선수', '0', 'WO');
INSERT INTO player (name, back_number, position, bats_order, team) VALUES ('박준태', '12', '교체 선수', '0', 'WO');
INSERT INTO player (name, back_number, position, bats_order, team) VALUES ('박지완', '58', '교체 선수', '0', 'WO');
INSERT INTO player (name, back_number, position, bats_order, team) VALUES ('손주영', '10', '교체 선수', '0', 'WO');
INSERT INTO player (name, back_number, position, bats_order, team) VALUES ('송성문', '4', '교체 선수', '0', 'WO');
INSERT INTO player (name, back_number, position, bats_order, team) VALUES ('유영찬', '14', '교체 선수', '0', 'WO');
INSERT INTO player (name, back_number, position, bats_order, team) VALUES ('이정후', '9', '교체 선수', '0', 'WO');
INSERT INTO player (name, back_number, position, bats_order, team) VALUES ('이주형', '5', '교체 선수', '0', 'WO');
INSERT INTO player (name, back_number, position, bats_order, team) VALUES ('장명부', '24', '교체 선수', '0', 'WO');
INSERT INTO player (name, back_number, position, bats_order, team) VALUES ('전준우', '1', '교체 선수', '0', 'WO');
INSERT INTO player (name, back_number, position, bats_order, team) VALUES ('조상우', '0', '교체 선수', '0', 'WO');
INSERT INTO player (name, back_number, position, bats_order, team) VALUES ('조승현', '95', '교체 선수', '0', 'WO');
INSERT INTO player (name, back_number, position, bats_order, team) VALUES ('조태연', '42', '교체 선수', '0', 'WO');
INSERT INTO player (name, back_number, position, bats_order, team) VALUES ('최주환', '23', '교체 선수', '0', 'WO');
INSERT INTO player (name, back_number, position, bats_order, team) VALUES ('추승현', '3', '교체 선수', '0', 'WO');
INSERT INTO player (name, back_number, position, bats_order, team) VALUES ('하준수', '25', '교체 선수', '0', 'WO');
INSERT INTO player (name, back_number, position, bats_order, team) VALUES ('한승택', '2', '교체 선수', '0', 'WO');
INSERT INTO player (name, back_number, position, bats_order, team) VALUES ('황영묵', '94', '교체 선수', '0', 'WO');

-- 키움 히어로즈 응원가
INSERT INTO cheer_song (title, lyrics, audio_file_name, player_id) VALUES 
('기본응원가', '곽빈 곽빈 곽빈 히어로즈 곽빈 곽빈 곽빈 승리를 위해 곽빈 (곽빈!)', 'wo129.mp3', (SELECT id FROM player WHERE name = '곽빈' AND team = 'WO'));

INSERT INTO cheer_song (title, lyrics, audio_file_name, player_id) VALUES 
('기본응원가', '김규현 키! 움! 김규현 안타! 오 키움 김규현 안타! × 2', 'wo53.mp3', (SELECT id FROM player WHERE name = '김규현' AND team = 'WO'));

INSERT INTO cheer_song (title, lyrics, audio_file_name, player_id) VALUES 
('기본응원가', '김민수! 김민수! 히어로즈 김민수 승리를 위해 김민수 안타 × 2', 'wo15.mp3', (SELECT id FROM player WHERE name = '김민수' AND team = 'WO'));

INSERT INTO cheer_song (title, lyrics, audio_file_name, player_id) VALUES 
('기본응원가', '키움 김수환 워어어어 히어로즈 김수환 워어어어 히어로즈 김수환 김! 수! 환! × 2', 'wo97.mp3', (SELECT id FROM player WHERE name = '김수환' AND team = 'WO'));

INSERT INTO cheer_song (title, lyrics, audio_file_name, player_id) VALUES 
('기본응원가', '키움의 김연준 워어어어 키움의 김연준 워어어어 히어로즈 승리 위하여 김연준! (김연준!) × 2', 'wo60.mp3', (SELECT id FROM player WHERE name = '김연준' AND team = 'WO'));

INSERT INTO cheer_song (title, lyrics, audio_file_name, player_id) VALUES 
('기본응원가', '키움 문동주 키움 문동주 문동주 안타 (문동주!) 키움 문동주 × 2', 'wo57.mp3', (SELECT id FROM player WHERE name = '문동주' AND team = 'WO'));

INSERT INTO cheer_song (title, lyrics, audio_file_name, player_id) VALUES 
('기본응원가', '오! 키움 박동원 오오오 오오오오 박동원 히어로즈 박동원 × 2', 'wo29.mp3', (SELECT id FROM player WHERE name = '박동원' AND team = 'WO'));

INSERT INTO cheer_song (title, lyrics, audio_file_name, player_id) VALUES 
('기본응원가', '키움 박상원 키움 박상원 워어어어 오오오 히어로즈 박상원 × 2', 'wo48.mp3', (SELECT id FROM player WHERE name = '박상원' AND team = 'WO'));

INSERT INTO cheer_song (title, lyrics, audio_file_name, player_id) VALUES 
('기본응원가', '박성우! 안타! 박성우! 안타! 박성우! 안타! 히어로즈 박성우 × 2', 'wo38.mp3', (SELECT id FROM player WHERE name = '박성우' AND team = 'WO'));

INSERT INTO cheer_song (title, lyrics, audio_file_name, player_id) VALUES 
('기본응원가', '키움 박병호 승리를 위해 박병호 안타 박! 병! 호! × 2', 'wo6.mp3', (SELECT id FROM player WHERE name = '박병호' AND team = 'WO'));

INSERT INTO cheer_song (title, lyrics, audio_file_name, player_id) VALUES 
('기본응원가', '손주영 워어어어 손주영 워어어어 히어로즈 승리 위해 손주영 (쏴!) × 2', 'wo10.mp3', (SELECT id FROM player WHERE name = '손주영' AND team = 'WO'));

INSERT INTO cheer_song (title, lyrics, audio_file_name, player_id) VALUES 
('기본응원가', '오오오 송성문 오오오 송성문 키움의 송성문 승리를 위해 × 2', 'wo4.mp3', (SELECT id FROM player WHERE name = '송성문' AND team = 'WO'));

INSERT INTO cheer_song (title, lyrics, audio_file_name, player_id) VALUES 
('기본응원가', '키움 유영찬 워어어어 키움 유영찬 워어어어 히어로즈 승리 위해 유영찬 × 2', 'wo14.mp3', (SELECT id FROM player WHERE name = '유영찬' AND team = 'WO'));

INSERT INTO cheer_song (title, lyrics, audio_file_name, player_id) VALUES 
('기본응원가', '키움 이정후 키움 이정후 오오오 오오오오 안타 안타 이정후 × 2', 'wo9.mp3', (SELECT id FROM player WHERE name = '이정후' AND team = 'WO'));

INSERT INTO cheer_song (title, lyrics, audio_file_name, player_id) VALUES 
('기본응원가', '키움 이주형 워어어어 키움 이주형 워어어어 안타! 이주형 안타! 이주형 × 2', 'wo5.mp3', (SELECT id FROM player WHERE name = '이주형' AND team = 'WO'));

INSERT INTO cheer_song (title, lyrics, audio_file_name, player_id) VALUES 
('기본응원가', '키움 장명부 워어어어 키움 장명부 워어어어 히어로즈 승리 위해 장명부 × 2', 'wo24.mp3', (SELECT id FROM player WHERE name = '장명부' AND team = 'WO'));

INSERT INTO cheer_song (title, lyrics, audio_file_name, player_id) VALUES 
('기본응원가', '키움의 전준우 안타 안타 키움의 전준우 안타 안타 승리를 위해 전준우 × 2', 'wo1.mp3', (SELECT id FROM player WHERE name = '전준우' AND team = 'WO'));

INSERT INTO cheer_song (title, lyrics, audio_file_name, player_id) VALUES 
('기본응원가', '키움 조상우 키움 조상우 워어어어 어어어어 조상우 안타 조상우 홈런 × 2', 'wo0.mp3', (SELECT id FROM player WHERE name = '조상우' AND team = 'WO'));

INSERT INTO cheer_song (title, lyrics, audio_file_name, player_id) VALUES 
('기본응원가', '키움 최주환 키움 최주환 오오오 오오오오 히어로즈 최주환 × 2', 'wo23.mp3', (SELECT id FROM player WHERE name = '최주환' AND team = 'WO'));

INSERT INTO cheer_song (title, lyrics, audio_file_name, player_id) VALUES 
('기본응원가', '키움 한승택 워어어어 키움 한승택 워어어어 히어로즈 한승택 승리를 위해 × 2', 'wo2.mp3', (SELECT id FROM player WHERE name = '한승택' AND team = 'WO'));

INSERT INTO cheer_song (title, lyrics, audio_file_name, player_id) VALUES 
('기본응원가', '키움 황영묵 날려버려라 키움의 승리를 원하잖아 최강 키움의 승리를 위해 날려라 묵이 황! 영! 묵!', 'wo94.mp3', (SELECT id FROM player WHERE name = '황영묵' AND team = 'WO'));

-- KIA 타이거즈 선수 데이터
INSERT INTO player (name, back_number, position, bats_order, team) VALUES ('고종욱', '12', '교체 선수', '0', 'HT');
INSERT INTO player (name, back_number, position, bats_order, team) VALUES ('김대유', '23', '교체 선수', '0', 'HT');
INSERT INTO player (name, back_number, position, bats_order, team) VALUES ('김도영', '5', '교체 선수', '0', 'HT');
INSERT INTO player (name, back_number, position, bats_order, team) VALUES ('김보성', '66', '교체 선수', '0', 'HT');
INSERT INTO player (name, back_number, position, bats_order, team) VALUES ('김상수', '56', '교체 선수', '0', 'HT');
INSERT INTO player (name, back_number, position, bats_order, team) VALUES ('김선빈', '34', '교체 선수', '0', 'HT');
INSERT INTO player (name, back_number, position, bats_order, team) VALUES ('김선호', '29', '교체 선수', '0', 'HT');
INSERT INTO player (name, back_number, position, bats_order, team) VALUES ('김영호', '15', '교체 선수', '0', 'HT');
INSERT INTO player (name, back_number, position, bats_order, team) VALUES ('김지찬', '3', '교체 선수', '0', 'HT');
INSERT INTO player (name, back_number, position, bats_order, team) VALUES ('김태진', '55', '교체 선수', '0', 'HT');
INSERT INTO player (name, back_number, position, bats_order, team) VALUES ('김현준', '25', '교체 선수', '0', 'HT');
INSERT INTO player (name, back_number, position, bats_order, team) VALUES ('나성범', '14', '교체 선수', '0', 'HT');
INSERT INTO player (name, back_number, position, bats_order, team) VALUES ('류진욱', '17', '교체 선수', '0', 'HT');
INSERT INTO player (name, back_number, position, bats_order, team) VALUES ('박민우', '36', '교체 선수', '0', 'HT');
INSERT INTO player (name, back_number, position, bats_order, team) VALUES ('박영현', '26', '교체 선수', '0', 'HT');
INSERT INTO player (name, back_number, position, bats_order, team) VALUES ('박주원', '27', '교체 선수', '0', 'HT');
INSERT INTO player (name, back_number, position, bats_order, team) VALUES ('박찬호', '8', '교체 선수', '0', 'HT');
INSERT INTO player (name, back_number, position, bats_order, team) VALUES ('변우혁', '16', '교체 선수', '0', 'HT');
INSERT INTO player (name, back_number, position, bats_order, team) VALUES ('소시아', '47', '교체 선수', '0', 'HT');
INSERT INTO player (name, back_number, position, bats_order, team) VALUES ('신용수', '52', '교체 선수', '0', 'HT');
INSERT INTO player (name, back_number, position, bats_order, team) VALUES ('양현종', '58', '교체 선수', '0', 'HT');
INSERT INTO player (name, back_number, position, bats_order, team) VALUES ('윤석민', '9', '교체 선수', '0', 'HT');
INSERT INTO player (name, back_number, position, bats_order, team) VALUES ('이우성', '45', '교체 선수', '0', 'HT');
INSERT INTO player (name, back_number, position, bats_order, team) VALUES ('이우채', '6', '교체 선수', '0', 'HT');
INSERT INTO player (name, back_number, position, bats_order, team) VALUES ('이정빈', '30', '교체 선수', '0', 'HT');
INSERT INTO player (name, back_number, position, bats_order, team) VALUES ('이제현', '53', '교체 선수', '0', 'HT');
INSERT INTO player (name, back_number, position, bats_order, team) VALUES ('이창진', '35', '교체 선수', '0', 'HT');
INSERT INTO player (name, back_number, position, bats_order, team) VALUES ('임기영', '22', '교체 선수', '0', 'HT');
INSERT INTO player (name, back_number, position, bats_order, team) VALUES ('임찬규', '1', '교체 선수', '0', 'HT');
INSERT INTO player (name, back_number, position, bats_order, team) VALUES ('장현식', '42', '교체 선수', '0', 'HT');
INSERT INTO player (name, back_number, position, bats_order, team) VALUES ('전상현', '68', '교체 선수', '0', 'HT');
INSERT INTO player (name, back_number, position, bats_order, team) VALUES ('정해영', '36', '교체 선수', '0', 'HT');
INSERT INTO player (name, back_number, position, bats_order, team) VALUES ('천성호', '59', '교체 선수', '0', 'HT');
INSERT INTO player (name, back_number, position, bats_order, team) VALUES ('최형우', '24', '교체 선수', '0', 'HT');
INSERT INTO player (name, back_number, position, bats_order, team) VALUES ('한준수', '57', '교체 선수', '0', 'HT');

-- KIA 타이거즈 응원가
INSERT INTO cheer_song (title, lyrics, audio_file_name, player_id) VALUES 
('기본응원가', '고종욱 고종욱! 타이거즈의 고종욱! 고종욱! 타이거즈의 고종욱! 안타! 안타! 고종욱! 고종욱! (안타!) × 2', 'ht12.mp3', (SELECT id FROM player WHERE name = '고종욱' AND team = 'HT'));

INSERT INTO cheer_song (title, lyrics, audio_file_name, player_id) VALUES 
('기본응원가', 'KIA 김도영 KIA 김도영 워어어어 안타! 김도영 안타! 김도영 KIA 김도영 × 2', 'ht5.mp3', (SELECT id FROM player WHERE name = '김도영' AND team = 'HT'));

INSERT INTO cheer_song (title, lyrics, audio_file_name, player_id) VALUES 
('기본응원가', 'KIA 김선빈 KIA 김선빈 오오오 오오오 타이거즈 김선빈 (안타!) × 2', 'ht34(1).mp3', (SELECT id FROM player WHERE name = '김선빈' AND team = 'HT'));

INSERT INTO cheer_song (title, lyrics, audio_file_name, player_id) VALUES 
('기본응원가', '김영호 안타! 김영호 안타! 타이거즈 김영호 워어어어 × 2', 'ht15.mp3', (SELECT id FROM player WHERE name = '김영호' AND team = 'HT'));

INSERT INTO cheer_song (title, lyrics, audio_file_name, player_id) VALUES 
('기본응원가', 'KIA 김지찬 KIA 김지찬 워어어어 김지찬 안타! 김지찬 안타! KIA 김지찬 × 2', 'ht3.mp3', (SELECT id FROM player WHERE name = '김지찬' AND team = 'HT'));

INSERT INTO cheer_song (title, lyrics, audio_file_name, player_id) VALUES 
('기본응원가', '타이거즈 나성범 타이거즈 나성범 나성범 안타! 나성범 안타! 타이거즈 나성범 × 2', 'ht14.mp3', (SELECT id FROM player WHERE name = '나성범' AND team = 'HT'));

INSERT INTO cheer_song (title, lyrics, audio_file_name, player_id) VALUES 
('기본응원가', '박찬호 안타 안타 박찬호 안타 안타 타이거즈 박찬호 워어어어 × 2', 'ht8.mp3', (SELECT id FROM player WHERE name = '박찬호' AND team = 'HT'));

INSERT INTO cheer_song (title, lyrics, audio_file_name, player_id) VALUES 
('기본응원가', '변우혁! 변우혁! 타이거즈 변우혁 승리를 위해 변우혁 안타! × 2', 'ht16.mp3', (SELECT id FROM player WHERE name = '변우혁' AND team = 'HT'));

INSERT INTO cheer_song (title, lyrics, audio_file_name, player_id) VALUES 
('기본응원가', '소시아 워어어어 타이거즈 소시아 승리를 위해 소시아 안타! × 2', 'ht47.mp3', (SELECT id FROM player WHERE name = '소시아' AND team = 'HT'));

INSERT INTO cheer_song (title, lyrics, audio_file_name, player_id) VALUES 
('기본응원가', 'KIA 윤석민 워어어어 KIA 윤석민 워어어어 타이거즈 윤석민 안타! × 2', 'ht9.mp3', (SELECT id FROM player WHERE name = '윤석민' AND team = 'HT'));

INSERT INTO cheer_song (title, lyrics, audio_file_name, player_id) VALUES 
('기본응원가', '이우성 안타! 이우성 안타! 타이거즈 이우성 워어어어 × 2', 'ht45.mp3', (SELECT id FROM player WHERE name = '이우성' AND team = 'HT'));

INSERT INTO cheer_song (title, lyrics, audio_file_name, player_id) VALUES 
('기본응원가', 'KIA 이우채 KIA 이우채 워어어어 이우채 안타! 이우채 안타! KIA 이우채 × 2', 'ht6.mp3', (SELECT id FROM player WHERE name = '이우채' AND team = 'HT'));

INSERT INTO cheer_song (title, lyrics, audio_file_name, player_id) VALUES 
('기본응원가', '타이거즈 이제현 타이거즈 이제현 워어어어 이제현 안타! 이제현 안타! 타이거즈 이제현 × 2', 'ht53.mp3', (SELECT id FROM player WHERE name = '이제현' AND team = 'HT'));

INSERT INTO cheer_song (title, lyrics, audio_file_name, player_id) VALUES 
('기본응원가', '이창진! 이창진! 타이거즈 이창진 승리를 위해 이창진 안타! × 2', 'ht35.mp3', (SELECT id FROM player WHERE name = '이창진' AND team = 'HT'));

INSERT INTO cheer_song (title, lyrics, audio_file_name, player_id) VALUES 
('기본응원가', 'KIA 임기영 KIA 임기영 워어어어 임기영 안타! 임기영 안타! KIA 임기영 × 2', 'ht22.mp3', (SELECT id FROM player WHERE name = '임기영' AND team = 'HT'));

INSERT INTO cheer_song (title, lyrics, audio_file_name, player_id) VALUES 
('기본응원가', '임찬규 안타! 임찬규 안타! 타이거즈 임찬규 워어어어 × 2', 'ht1.mp3', (SELECT id FROM player WHERE name = '임찬규' AND team = 'HT'));

INSERT INTO cheer_song (title, lyrics, audio_file_name, player_id) VALUES 
('기본응원가', 'KIA 장현식 KIA 장현식 워어어어 장현식 안타! 장현식 안타! KIA 장현식 × 2', 'ht42.mp3', (SELECT id FROM player WHERE name = '장현식' AND team = 'HT'));

INSERT INTO cheer_song (title, lyrics, audio_file_name, player_id) VALUES 
('기본응원가', '천성호! 천성호! 타이거즈 천성호 승리를 위해 천성호 안타! × 2', 'ht59.mp3', (SELECT id FROM player WHERE name = '천성호' AND team = 'HT'));

INSERT INTO cheer_song (title, lyrics, audio_file_name, player_id) VALUES 
('기본응원가', '최형우 안타! 최형우 안타! 타이거즈 최형우 승리를 위해 최형우 안타! × 2', 'ht24.mp3', (SELECT id FROM player WHERE name = '최형우' AND team = 'HT'));

INSERT INTO cheer_song (title, lyrics, audio_file_name, player_id) VALUES 
('기본응원가', 'KIA 한준수 KIA 한준수 워어어어 한준수 안타! 한준수 안타! KIA 한준수 × 2', 'ht57.mp3', (SELECT id FROM player WHERE name = '한준수' AND team = 'HT'));