-- 팀 데이터
INSERT INTO team (team_code, name, last_updated, last_opponent) VALUES ('SS', '삼성 라이온즈', '2025-01-01', '로딩 중...');
INSERT INTO team (team_code, name, last_updated, last_opponent) VALUES ('LG', 'LG 트윈스', '2025-01-01', '로딩 중...');
INSERT INTO team (team_code, name, last_updated, last_opponent) VALUES ('HH', '한화 이글스', '2025-01-01', '로딩 중...');
INSERT INTO team (team_code, name, last_updated, last_opponent) VALUES ('LT', '롯데 자이언츠', '2025-01-01', '로딩 중...');
INSERT INTO team (team_code, name, last_updated, last_opponent) VALUES ('NC', 'NC 다이노스', '2025-01-01', '로딩 중...');
INSERT INTO team (team_code, name, last_updated, last_opponent) VALUES ('SK', 'SSG 랜더스', '2025-01-01', '로딩 중...');
INSERT INTO team (team_code, name, last_updated, last_opponent) VALUES ('OB', '두산 베어스', '2025-01-01', '로딩 중...');
INSERT INTO team (team_code, name, last_updated, last_opponent) VALUES ('KT', 'KT wiz', '2025-01-01', '로딩 중...');
INSERT INTO team (team_code, name, last_updated, last_opponent) VALUES ('WO', '키움 히어로즈', '2025-01-01', '로딩 중...');
INSERT INTO team (team_code, name, last_updated, last_opponent) VALUES ('HT', 'KIA 타이거즈', '2025-01-01', '로딩 중...');

-- 선수 데이터 (teams.json 기준)
INSERT INTO player (name, back_number, position, bats_order, team) VALUES ('강민성', '127', '교체 선수', '1', 'SS');
INSERT INTO player (name, back_number, position, bats_order, team) VALUES ('강민호', '47', '교체 선수', '2', 'SS');
INSERT INTO player (name, back_number, position, bats_order, team) VALUES ('강한울', '6', '교체 선수', '3', 'SS');
INSERT INTO player (name, back_number, position, bats_order, team) VALUES ('공민규', '9', '교체 선수', '4', 'SS');
INSERT INTO player (name, back_number, position, bats_order, team) VALUES ('구자욱', '5', '교체 선수', '5', 'SS');
INSERT INTO player (name, back_number, position, bats_order, team) VALUES ('김도환', '24', '교체 선수', '6', 'SS');
INSERT INTO player (name, back_number, position, bats_order, team) VALUES ('김민수', '12', '교체 선수', '7', 'SS');
INSERT INTO player (name, back_number, position, bats_order, team) VALUES ('김상준', '125', '교체 선수', '8', 'SS');
INSERT INTO player (name, back_number, position, bats_order, team) VALUES ('김성윤', '39', '교체 선수', '9', 'SS');
INSERT INTO player (name, back_number, position, bats_order, team) VALUES ('김영웅', '30', '교체 선수', '0', 'SS');
INSERT INTO player (name, back_number, position, bats_order, team) VALUES ('김재성', '2', '교체 선수', '0', 'SS');
INSERT INTO player (name, back_number, position, bats_order, team) VALUES ('김재혁', '8', '교체 선수', '0', 'SS');
INSERT INTO player (name, back_number, position, bats_order, team) VALUES ('김재형', '124', '교체 선수', '0', 'SS');
INSERT INTO player (name, back_number, position, bats_order, team) VALUES ('김지찬', '58', '교체 선수', '0', 'SS');
INSERT INTO player (name, back_number, position, bats_order, team) VALUES ('김태근', '108', '교체 선수', '0', 'SS');
INSERT INTO player (name, back_number, position, bats_order, team) VALUES ('김태훈', '25', '교체 선수', '0', 'SS');
INSERT INTO player (name, back_number, position, bats_order, team) VALUES ('김헌곤', '32', '교체 선수', '0', 'SS');
INSERT INTO player (name, back_number, position, bats_order, team) VALUES ('디아즈', '0', '교체 선수', '0', 'SS');
INSERT INTO player (name, back_number, position, bats_order, team) VALUES ('류지혁', '16', '교체 선수', '0', 'SS');
INSERT INTO player (name, back_number, position, bats_order, team) VALUES ('박병호', '52', '교체 선수', '0', 'SS');
INSERT INTO player (name, back_number, position, bats_order, team) VALUES ('박승규', '66', '교체 선수', '0', 'SS');
INSERT INTO player (name, back_number, position, bats_order, team) VALUES ('박장민', '116', '교체 선수', '0', 'SS');
INSERT INTO player (name, back_number, position, bats_order, team) VALUES ('박진우', '111', '교체 선수', '0', 'SS');
INSERT INTO player (name, back_number, position, bats_order, team) VALUES ('심재훈', '38', '교체 선수', '0', 'SS');
INSERT INTO player (name, back_number, position, bats_order, team) VALUES ('안주형', '14', '교체 선수', '0', 'SS');
INSERT INTO player (name, back_number, position, bats_order, team) VALUES ('양도근', '68', '교체 선수', '0', 'SS');
INSERT INTO player (name, back_number, position, bats_order, team) VALUES ('양우현', '53', '교체 선수', '0', 'SS');
INSERT INTO player (name, back_number, position, bats_order, team) VALUES ('오현석', '103', '교체 선수', '0', 'SS');
INSERT INTO player (name, back_number, position, bats_order, team) VALUES ('윤정빈', '31', '교체 선수', '0', 'SS');
INSERT INTO player (name, back_number, position, bats_order, team) VALUES ('이병헌', '23', '교체 선수', '0', 'SS');
INSERT INTO player (name, back_number, position, bats_order, team) VALUES ('이성규', '13', '교체 선수', '0', 'SS');
INSERT INTO player (name, back_number, position, bats_order, team) VALUES ('이재현', '7', '교체 선수', '0', 'SS');
INSERT INTO player (name, back_number, position, bats_order, team) VALUES ('이진용', '117', '교체 선수', '0', 'SS');
INSERT INTO player (name, back_number, position, bats_order, team) VALUES ('이창용', '50', '교체 선수', '0', 'SS');
INSERT INTO player (name, back_number, position, bats_order, team) VALUES ('이해승', '56', '교체 선수', '0', 'SS');
INSERT INTO player (name, back_number, position, bats_order, team) VALUES ('이현준', '118', '교체 선수', '0', 'SS');
INSERT INTO player (name, back_number, position, bats_order, team) VALUES ('전병우', '34', '교체 선수', '0', 'SS');
INSERT INTO player (name, back_number, position, bats_order, team) VALUES ('차승준', '35', '교체 선수', '0', 'SS');
INSERT INTO player (name, back_number, position, bats_order, team) VALUES ('함수호', '40', '교체 선수', '0', 'SS');
INSERT INTO player (name, back_number, position, bats_order, team) VALUES ('홍현빈', '63', '교체 선수', '0', 'SS');
INSERT INTO player (name, back_number, position, bats_order, team) VALUES ('구본혁', '6', '교체 선수', '0', 'LG');
INSERT INTO player (name, back_number, position, bats_order, team) VALUES ('김민수', '16', '교체 선수', '0', 'LG');
INSERT INTO player (name, back_number, position, bats_order, team) VALUES ('김범석', '55', '교체 선수', '0', 'LG');
INSERT INTO player (name, back_number, position, bats_order, team) VALUES ('김성우', '44', '교체 선수', '0', 'LG');
INSERT INTO player (name, back_number, position, bats_order, team) VALUES ('김성진', '36', '교체 선수', '0', 'LG');
INSERT INTO player (name, back_number, position, bats_order, team) VALUES ('김주성', '5', '교체 선수', '0', 'LG');
INSERT INTO player (name, back_number, position, bats_order, team) VALUES ('김준태', '47', '교체 선수', '0', 'LG');
INSERT INTO player (name, back_number, position, bats_order, team) VALUES ('김현수', '22', '교체 선수', '0', 'LG');
INSERT INTO player (name, back_number, position, bats_order, team) VALUES ('김현종', '66', '교체 선수', '0', 'LG');
INSERT INTO player (name, back_number, position, bats_order, team) VALUES ('문보경', '2', '교체 선수', '0', 'LG');
INSERT INTO player (name, back_number, position, bats_order, team) VALUES ('문성주', '8', '교체 선수', '0', 'LG');
INSERT INTO player (name, back_number, position, bats_order, team) VALUES ('문정빈', '53', '교체 선수', '0', 'LG');
INSERT INTO player (name, back_number, position, bats_order, team) VALUES ('박관우', '64', '교체 선수', '0', 'LG');
INSERT INTO player (name, back_number, position, bats_order, team) VALUES ('박동원', '27', '교체 선수', '0', 'LG');
INSERT INTO player (name, back_number, position, bats_order, team) VALUES ('박해민', '17', '교체 선수', '0', 'LG');
INSERT INTO player (name, back_number, position, bats_order, team) VALUES ('서영준', '60', '교체 선수', '0', 'LG');
INSERT INTO player (name, back_number, position, bats_order, team) VALUES ('손용준', '52', '교체 선수', '0', 'LG');
INSERT INTO player (name, back_number, position, bats_order, team) VALUES ('송찬의', '14', '교체 선수', '0', 'LG');
INSERT INTO player (name, back_number, position, bats_order, team) VALUES ('신민재', '4', '교체 선수', '0', 'LG');
INSERT INTO player (name, back_number, position, bats_order, team) VALUES ('안익훈', '15', '교체 선수', '0', 'LG');
INSERT INTO player (name, back_number, position, bats_order, team) VALUES ('오스틴', '23', '교체 선수', '0', 'LG');
INSERT INTO player (name, back_number, position, bats_order, team) VALUES ('오지환', '10', '교체 선수', '0', 'LG');
INSERT INTO player (name, back_number, position, bats_order, team) VALUES ('이영빈', '7', '교체 선수', '0', 'LG');
INSERT INTO player (name, back_number, position, bats_order, team) VALUES ('이주헌', '26', '교체 선수', '0', 'LG');
INSERT INTO player (name, back_number, position, bats_order, team) VALUES ('이태훈', '65', '교체 선수', '0', 'LG');
INSERT INTO player (name, back_number, position, bats_order, team) VALUES ('이한림', '0', '교체 선수', '0', 'LG');
INSERT INTO player (name, back_number, position, bats_order, team) VALUES ('최승민', '62', '교체 선수', '0', 'LG');
INSERT INTO player (name, back_number, position, bats_order, team) VALUES ('최원영', '3', '교체 선수', '0', 'LG');
INSERT INTO player (name, back_number, position, bats_order, team) VALUES ('천성호', '59', '교체 선수', '0', 'LG');
INSERT INTO player (name, back_number, position, bats_order, team) VALUES ('함창건', '24', '교체 선수', '0', 'LG');
INSERT INTO player (name, back_number, position, bats_order, team) VALUES ('홍창기', '51', '교체 선수', '0', 'LG');
INSERT INTO player (name, back_number, position, bats_order, team) VALUES ('권광민', '17', '교체 선수', '0', 'HH');
INSERT INTO player (name, back_number, position, bats_order, team) VALUES ('김건', '56', '교체 선수', '0', 'HH');
INSERT INTO player (name, back_number, position, bats_order, team) VALUES ('김예준', '114', '교체 선수', '0', 'HH');
INSERT INTO player (name, back_number, position, bats_order, team) VALUES ('김인환', '37', '교체 선수', '0', 'HH');
INSERT INTO player (name, back_number, position, bats_order, team) VALUES ('김태연', '25', '교체 선수', '0', 'HH');
INSERT INTO player (name, back_number, position, bats_order, team) VALUES ('노시환', '8', '교체 선수', '0', 'HH');
INSERT INTO player (name, back_number, position, bats_order, team) VALUES ('노석진', '117', '교체 선수', '0', 'HH');
INSERT INTO player (name, back_number, position, bats_order, team) VALUES ('리베라토', '0', '교체 선수', '0', 'HH');
INSERT INTO player (name, back_number, position, bats_order, team) VALUES ('문현빈', '51', '교체 선수', '0', 'HH');
INSERT INTO player (name, back_number, position, bats_order, team) VALUES ('박상언', '42', '교체 선수', '0', 'HH');
INSERT INTO player (name, back_number, position, bats_order, team) VALUES ('박정현', '63', '교체 선수', '0', 'HH');
INSERT INTO player (name, back_number, position, bats_order, team) VALUES ('배승수', '98', '교체 선수', '0', 'HH');
INSERT INTO player (name, back_number, position, bats_order, team) VALUES ('송호정', '54', '교체 선수', '0', 'HH');
INSERT INTO player (name, back_number, position, bats_order, team) VALUES ('신우재', '69', '교체 선수', '0', 'HH');
INSERT INTO player (name, back_number, position, bats_order, team) VALUES ('심우준', '2', '교체 선수', '0', 'HH');
INSERT INTO player (name, back_number, position, bats_order, team) VALUES ('안진', '39', '교체 선수', '0', 'HH');
INSERT INTO player (name, back_number, position, bats_order, team) VALUES ('안치홍', '3', '교체 선수', '0', 'HH');
INSERT INTO player (name, back_number, position, bats_order, team) VALUES ('유로결', '33', '교체 선수', '0', 'HH');
INSERT INTO player (name, back_number, position, bats_order, team) VALUES ('유민', '97', '교체 선수', '0', 'HH');
INSERT INTO player (name, back_number, position, bats_order, team) VALUES ('이도윤', '7', '교체 선수', '0', 'HH');
INSERT INTO player (name, back_number, position, bats_order, team) VALUES ('이민재', '57', '교체 선수', '0', 'HH');
INSERT INTO player (name, back_number, position, bats_order, team) VALUES ('이상혁', '9', '교체 선수', '0', 'HH');
INSERT INTO player (name, back_number, position, bats_order, team) VALUES ('이승현', '60', '교체 선수', '0', 'HH');
INSERT INTO player (name, back_number, position, bats_order, team) VALUES ('이원석', '50', '교체 선수', '0', 'HH');
INSERT INTO player (name, back_number, position, bats_order, team) VALUES ('이재원', '20', '교체 선수', '0', 'HH');
INSERT INTO player (name, back_number, position, bats_order, team) VALUES ('이지성', '106', '교체 선수', '0', 'HH');
INSERT INTO player (name, back_number, position, bats_order, team) VALUES ('이진영', '10', '교체 선수', '0', 'HH');
INSERT INTO player (name, back_number, position, bats_order, team) VALUES ('임종찬', '24', '교체 선수', '0', 'HH');
INSERT INTO player (name, back_number, position, bats_order, team) VALUES ('장규현', '32', '교체 선수', '0', 'HH');
INSERT INTO player (name, back_number, position, bats_order, team) VALUES ('정민규', '65', '교체 선수', '0', 'HH');
INSERT INTO player (name, back_number, position, bats_order, team) VALUES ('조한민', '4', '교체 선수', '0', 'HH');
INSERT INTO player (name, back_number, position, bats_order, team) VALUES ('채은성', '22', '교체 선수', '0', 'HH');
INSERT INTO player (name, back_number, position, bats_order, team) VALUES ('최인호', '41', '교체 선수', '0', 'HH');
INSERT INTO player (name, back_number, position, bats_order, team) VALUES ('최재훈', '13', '교체 선수', '0', 'HH');
INSERT INTO player (name, back_number, position, bats_order, team) VALUES ('최준서', '94', '교체 선수', '0', 'HH');
INSERT INTO player (name, back_number, position, bats_order, team) VALUES ('플로리얼', '34', '교체 선수', '0', 'HH');
INSERT INTO player (name, back_number, position, bats_order, team) VALUES ('하주석', '16', '교체 선수', '0', 'HH');
INSERT INTO player (name, back_number, position, bats_order, team) VALUES ('한경빈', '6', '교체 선수', '0', 'HH');
INSERT INTO player (name, back_number, position, bats_order, team) VALUES ('한지윤', '67', '교체 선수', '0', 'HH');
INSERT INTO player (name, back_number, position, bats_order, team) VALUES ('허관회', '12', '교체 선수', '0', 'HH');
INSERT INTO player (name, back_number, position, bats_order, team) VALUES ('허인서', '59', '교체 선수', '0', 'HH');
INSERT INTO player (name, back_number, position, bats_order, team) VALUES ('황영묵', '95', '교체 선수', '0', 'HH');
INSERT INTO player (name, back_number, position, bats_order, team) VALUES ('강승구', '39', '교체 선수', '0', 'LT');
INSERT INTO player (name, back_number, position, bats_order, team) VALUES ('고승민', '2', '교체 선수', '0', 'LT');
INSERT INTO player (name, back_number, position, bats_order, team) VALUES ('김대현', '100', '교체 선수', '0', 'LT');
INSERT INTO player (name, back_number, position, bats_order, team) VALUES ('김동규', '121', '교체 선수', '0', 'LT');
INSERT INTO player (name, back_number, position, bats_order, team) VALUES ('김동혁', '50', '교체 선수', '0', 'LT');
INSERT INTO player (name, back_number, position, bats_order, team) VALUES ('김동현', '64', '교체 선수', '0', 'LT');
INSERT INTO player (name, back_number, position, bats_order, team) VALUES ('김민성', '16', '교체 선수', '0', 'LT');
INSERT INTO player (name, back_number, position, bats_order, team) VALUES ('김세민', '119', '교체 선수', '0', 'LT');
INSERT INTO player (name, back_number, position, bats_order, team) VALUES ('나승엽', '51', '교체 선수', '0', 'LT');
INSERT INTO player (name, back_number, position, bats_order, team) VALUES ('노진혁', '52', '교체 선수', '0', 'LT');
INSERT INTO player (name, back_number, position, bats_order, team) VALUES ('박건우', '109', '교체 선수', '0', 'LT');
INSERT INTO player (name, back_number, position, bats_order, team) VALUES ('박승욱', '53', '교체 선수', '0', 'LT');
INSERT INTO player (name, back_number, position, bats_order, team) VALUES ('박재엽', '63', '교체 선수', '0', 'LT');
INSERT INTO player (name, back_number, position, bats_order, team) VALUES ('박지훈', '108', '교체 선수', '0', 'LT');
INSERT INTO player (name, back_number, position, bats_order, team) VALUES ('박건', '129', '교체 선수', '0', 'LT');
INSERT INTO player (name, back_number, position, bats_order, team) VALUES ('박찬형', '60', '교체 선수', '0', 'LT');
INSERT INTO player (name, back_number, position, bats_order, team) VALUES ('배인혁', '127', '교체 선수', '0', 'LT');
INSERT INTO player (name, back_number, position, bats_order, team) VALUES ('백두산', '62', '교체 선수', '0', 'LT');
INSERT INTO player (name, back_number, position, bats_order, team) VALUES ('레이예스', '29', '교체 선수', '0', 'LT');
INSERT INTO player (name, back_number, position, bats_order, team) VALUES ('서동욱', '106', '교체 선수', '0', 'LT');
INSERT INTO player (name, back_number, position, bats_order, team) VALUES ('손성빈', '28', '교체 선수', '0', 'LT');
INSERT INTO player (name, back_number, position, bats_order, team) VALUES ('손호영', '33', '교체 선수', '0', 'LT');
INSERT INTO player (name, back_number, position, bats_order, team) VALUES ('신윤후', '3', '교체 선수', '0', 'LT');
INSERT INTO player (name, back_number, position, bats_order, team) VALUES ('엄장윤', '123', '교체 선수', '0', 'LT');
INSERT INTO player (name, back_number, position, bats_order, team) VALUES ('오창현', '114', '교체 선수', '0', 'LT');
INSERT INTO player (name, back_number, position, bats_order, team) VALUES ('유강남', '27', '교체 선수', '0', 'LT');
INSERT INTO player (name, back_number, position, bats_order, team) VALUES ('유태웅', '112', '교체 선수', '0', 'LT');
INSERT INTO player (name, back_number, position, bats_order, team) VALUES ('윤동희', '91', '교체 선수', '0', 'LT');
INSERT INTO player (name, back_number, position, bats_order, team) VALUES ('이상화', '113', '교체 선수', '0', 'LT');
INSERT INTO player (name, back_number, position, bats_order, team) VALUES ('이인한', '54', '교체 선수', '0', 'LT');
INSERT INTO player (name, back_number, position, bats_order, team) VALUES ('이주찬', '116', '교체 선수', '0', 'LT');
INSERT INTO player (name, back_number, position, bats_order, team) VALUES ('이태경', '69', '교체 선수', '0', 'LT');
INSERT INTO player (name, back_number, position, bats_order, team) VALUES ('이호준', '30', '교체 선수', '0', 'LT');
INSERT INTO player (name, back_number, position, bats_order, team) VALUES ('윤수녕', '126', '교체 선수', '0', 'LT');
INSERT INTO player (name, back_number, position, bats_order, team) VALUES ('장두성', '7', '교체 선수', '0', 'LT');
INSERT INTO player (name, back_number, position, bats_order, team) VALUES ('전민재', '13', '교체 선수', '0', 'LT');
INSERT INTO player (name, back_number, position, bats_order, team) VALUES ('전준우', '8', '교체 선수', '0', 'LT');
INSERT INTO player (name, back_number, position, bats_order, team) VALUES ('정보근', '42', '교체 선수', '0', 'LT');
INSERT INTO player (name, back_number, position, bats_order, team) VALUES ('정훈', '9', '교체 선수', '0', 'LT');
INSERT INTO player (name, back_number, position, bats_order, team) VALUES ('조세진', '5', '교체 선수', '0', 'LT');
INSERT INTO player (name, back_number, position, bats_order, team) VALUES ('최민규', '105', '교체 선수', '0', 'LT');
INSERT INTO player (name, back_number, position, bats_order, team) VALUES ('최항', '14', '교체 선수', '0', 'LT');
INSERT INTO player (name, back_number, position, bats_order, team) VALUES ('한승현', '35', '교체 선수', '0', 'LT');
INSERT INTO player (name, back_number, position, bats_order, team) VALUES ('한태양', '6', '교체 선수', '0', 'LT');
INSERT INTO player (name, back_number, position, bats_order, team) VALUES ('고승완', '60', '교체 선수', '0', 'NC');
INSERT INTO player (name, back_number, position, bats_order, team) VALUES ('권희동', '36', '교체 선수', '0', 'NC');
INSERT INTO player (name, back_number, position, bats_order, team) VALUES ('김동현', '103', '교체 선수', '0', 'NC');
INSERT INTO player (name, back_number, position, bats_order, team) VALUES ('김범준', '66', '교체 선수', '0', 'NC');
INSERT INTO player (name, back_number, position, bats_order, team) VALUES ('김세훈', '9', '교체 선수', '0', 'NC');
INSERT INTO player (name, back_number, position, bats_order, team) VALUES ('김정호', '42', '교체 선수', '0', 'NC');
INSERT INTO player (name, back_number, position, bats_order, team) VALUES ('김주원', '7', '교체 선수', '0', 'NC');
INSERT INTO player (name, back_number, position, bats_order, team) VALUES ('김태호', '109', '교체 선수', '0', 'NC');
INSERT INTO player (name, back_number, position, bats_order, team) VALUES ('김한별', '68', '교체 선수', '0', 'NC');
INSERT INTO player (name, back_number, position, bats_order, team) VALUES ('김형준', '25', '교체 선수', '0', 'NC');
INSERT INTO player (name, back_number, position, bats_order, team) VALUES ('김휘집', '44', '교체 선수', '0', 'NC');
INSERT INTO player (name, back_number, position, bats_order, team) VALUES ('데이비슨', '24', '교체 선수', '0', 'NC');
INSERT INTO player (name, back_number, position, bats_order, team) VALUES ('도태훈', '16', '교체 선수', '0', 'NC');
INSERT INTO player (name, back_number, position, bats_order, team) VALUES ('박건우', '37', '교체 선수', '0', 'NC');
INSERT INTO player (name, back_number, position, bats_order, team) VALUES ('박민우', '2', '교체 선수', '0', 'NC');
INSERT INTO player (name, back_number, position, bats_order, team) VALUES ('박세혁', '10', '교체 선수', '0', 'NC');
INSERT INTO player (name, back_number, position, bats_order, team) VALUES ('박시원', '53', '교체 선수', '0', 'NC');
INSERT INTO player (name, back_number, position, bats_order, team) VALUES ('박성재', '102', '교체 선수', '0', 'NC');
INSERT INTO player (name, back_number, position, bats_order, team) VALUES ('박영빈', '39', '교체 선수', '0', 'NC');
INSERT INTO player (name, back_number, position, bats_order, team) VALUES ('박인우', '112', '교체 선수', '0', 'NC');
INSERT INTO player (name, back_number, position, bats_order, team) VALUES ('박주찬', '113', '교체 선수', '0', 'NC');
INSERT INTO player (name, back_number, position, bats_order, team) VALUES ('서준교', '116', '교체 선수', '0', 'NC');
INSERT INTO player (name, back_number, position, bats_order, team) VALUES ('서호철', '5', '교체 선수', '0', 'NC');
INSERT INTO player (name, back_number, position, bats_order, team) VALUES ('손아섭', '31', '교체 선수', '0', 'NC');
INSERT INTO player (name, back_number, position, bats_order, team) VALUES ('송승환', '8', '교체 선수', '0', 'NC');
INSERT INTO player (name, back_number, position, bats_order, team) VALUES ('신민우', '117', '교체 선수', '0', 'NC');
INSERT INTO player (name, back_number, position, bats_order, team) VALUES ('신성호', '118', '교체 선수', '0', 'NC');
INSERT INTO player (name, back_number, position, bats_order, team) VALUES ('안인산', '119', '교체 선수', '0', 'NC');
INSERT INTO player (name, back_number, position, bats_order, team) VALUES ('안중열', '1', '교체 선수', '0', 'NC');
INSERT INTO player (name, back_number, position, bats_order, team) VALUES ('양가온솔', '120', '교체 선수', '0', 'NC');
INSERT INTO player (name, back_number, position, bats_order, team) VALUES ('오영수', '34', '교체 선수', '0', 'NC');
INSERT INTO player (name, back_number, position, bats_order, team) VALUES ('오태양', '6', '교체 선수', '0', 'NC');
INSERT INTO player (name, back_number, position, bats_order, team) VALUES ('오장한', '105', '교체 선수', '0', 'NC');
INSERT INTO player (name, back_number, position, bats_order, team) VALUES ('유재현', '125', '교체 선수', '0', 'NC');
INSERT INTO player (name, back_number, position, bats_order, team) VALUES ('이한', '122', '교체 선수', '0', 'NC');
INSERT INTO player (name, back_number, position, bats_order, team) VALUES ('장창훈', '93', '교체 선수', '0', 'NC');
INSERT INTO player (name, back_number, position, bats_order, team) VALUES ('정현창', '52', '교체 선수', '0', 'NC');
INSERT INTO player (name, back_number, position, bats_order, team) VALUES ('조창연', '127', '교체 선수', '0', 'NC');
INSERT INTO player (name, back_number, position, bats_order, team) VALUES ('조현민', '128', '교체 선수', '0', 'NC');
INSERT INTO player (name, back_number, position, bats_order, team) VALUES ('조효원', '129', '교체 선수', '0', 'NC');
INSERT INTO player (name, back_number, position, bats_order, team) VALUES ('천재환', '23', '교체 선수', '0', 'NC');
INSERT INTO player (name, back_number, position, bats_order, team) VALUES ('최보성', '130', '교체 선수', '0', 'NC');
INSERT INTO player (name, back_number, position, bats_order, team) VALUES ('최정원', '14', '교체 선수', '0', 'NC');
INSERT INTO player (name, back_number, position, bats_order, team) VALUES ('한석현', '33', '교체 선수', '0', 'NC');
INSERT INTO player (name, back_number, position, bats_order, team) VALUES ('한재환', '35', '교체 선수', '0', 'NC');
INSERT INTO player (name, back_number, position, bats_order, team) VALUES ('고명준', '18', '교체 선수', '0', 'SK');
INSERT INTO player (name, back_number, position, bats_order, team) VALUES ('김규민', '61', '교체 선수', '0', 'SK');
INSERT INTO player (name, back_number, position, bats_order, team) VALUES ('김민식', '24', '교체 선수', '0', 'SK');
INSERT INTO player (name, back_number, position, bats_order, team) VALUES ('김성민', '56', '교체 선수', '0', 'SK');
INSERT INTO player (name, back_number, position, bats_order, team) VALUES ('김성욱', '47', '교체 선수', '0', 'SK');
INSERT INTO player (name, back_number, position, bats_order, team) VALUES ('김성현', '6', '교체 선수', '0', 'SK');
INSERT INTO player (name, back_number, position, bats_order, team) VALUES ('김수윤', '4', '교체 선수', '0', 'SK');
INSERT INTO player (name, back_number, position, bats_order, team) VALUES ('김정민', '4', '교체 선수', '0', 'SK');
INSERT INTO player (name, back_number, position, bats_order, team) VALUES ('김찬형', '5', '교체 선수', '0', 'SK');
INSERT INTO player (name, back_number, position, bats_order, team) VALUES ('김창평', '64', '교체 선수', '0', 'SK');
INSERT INTO player (name, back_number, position, bats_order, team) VALUES ('김태윤', '36', '교체 선수', '0', 'SK');
INSERT INTO player (name, back_number, position, bats_order, team) VALUES ('류효승', '45', '교체 선수', '0', 'SK');
INSERT INTO player (name, back_number, position, bats_order, team) VALUES ('박성한', '2', '교체 선수', '0', 'SK');
INSERT INTO player (name, back_number, position, bats_order, team) VALUES ('박정빈', '58', '교체 선수', '0', 'SK');
INSERT INTO player (name, back_number, position, bats_order, team) VALUES ('박지환', '1', '교체 선수', '0', 'SK');
INSERT INTO player (name, back_number, position, bats_order, team) VALUES ('백준서', '69', '교체 선수', '0', 'SK');
INSERT INTO player (name, back_number, position, bats_order, team) VALUES ('석정우', '52', '교체 선수', '0', 'SK');
INSERT INTO player (name, back_number, position, bats_order, team) VALUES ('신범수', '25', '교체 선수', '0', 'SK');
INSERT INTO player (name, back_number, position, bats_order, team) VALUES ('안상현', '10', '교체 선수', '0', 'SK');
INSERT INTO player (name, back_number, position, bats_order, team) VALUES ('에레디아', '27', '교체 선수', '0', 'SK');
INSERT INTO player (name, back_number, position, bats_order, team) VALUES ('오태곤', '37', '교체 선수', '0', 'SK');
INSERT INTO player (name, back_number, position, bats_order, team) VALUES ('이승민', '9', '교체 선수', '0', 'SK');
INSERT INTO player (name, back_number, position, bats_order, team) VALUES ('이원준', '93', '교체 선수', '0', 'SK');
INSERT INTO player (name, back_number, position, bats_order, team) VALUES ('이율예', '32', '교체 선수', '0', 'SK');
INSERT INTO player (name, back_number, position, bats_order, team) VALUES ('이정범', '31', '교체 선수', '0', 'SK');
INSERT INTO player (name, back_number, position, bats_order, team) VALUES ('이지영', '59', '교체 선수', '0', 'SK');
INSERT INTO player (name, back_number, position, bats_order, team) VALUES ('임근우', '68', '교체 선수', '0', 'SK');
INSERT INTO player (name, back_number, position, bats_order, team) VALUES ('정준재', '3', '교체 선수', '0', 'SK');
INSERT INTO player (name, back_number, position, bats_order, team) VALUES ('조형우', '20', '교체 선수', '0', 'SK');
INSERT INTO player (name, back_number, position, bats_order, team) VALUES ('채현우', '15', '교체 선수', '0', 'SK');
INSERT INTO player (name, back_number, position, bats_order, team) VALUES ('최민창', '53', '교체 선수', '0', 'SK');
INSERT INTO player (name, back_number, position, bats_order, team) VALUES ('최상민', '23', '교체 선수', '0', 'SK');
INSERT INTO player (name, back_number, position, bats_order, team) VALUES ('최윤석', '94', '교체 선수', '0', 'SK');
INSERT INTO player (name, back_number, position, bats_order, team) VALUES ('최정', '14', '교체 선수', '0', 'SK');
INSERT INTO player (name, back_number, position, bats_order, team) VALUES ('최준우', '7', '교체 선수', '0', 'SK');
INSERT INTO player (name, back_number, position, bats_order, team) VALUES ('최지훈', '54', '교체 선수', '0', 'SK');
INSERT INTO player (name, back_number, position, bats_order, team) VALUES ('하재훈', '13', '교체 선수', '0', 'SK');
INSERT INTO player (name, back_number, position, bats_order, team) VALUES ('한유섬', '35', '교체 선수', '0', 'SK');
INSERT INTO player (name, back_number, position, bats_order, team) VALUES ('허진', '67', '교체 선수', '0', 'SK');
INSERT INTO player (name, back_number, position, bats_order, team) VALUES ('현원회', '8', '교체 선수', '0', 'SK');
INSERT INTO player (name, back_number, position, bats_order, team) VALUES ('홍대인', '97', '교체 선수', '0', 'SK');
INSERT INTO player (name, back_number, position, bats_order, team) VALUES ('강승호', '23', '교체 선수', '0', 'OB');
INSERT INTO player (name, back_number, position, bats_order, team) VALUES ('강현구', '60', '교체 선수', '0', 'OB');
INSERT INTO player (name, back_number, position, bats_order, team) VALUES ('김기연', '45', '교체 선수', '0', 'OB');
INSERT INTO player (name, back_number, position, bats_order, team) VALUES ('김대한', '27', '교체 선수', '0', 'OB');
INSERT INTO player (name, back_number, position, bats_order, team) VALUES ('김동준', '48', '교체 선수', '0', 'OB');
INSERT INTO player (name, back_number, position, bats_order, team) VALUES ('김민석', '2', '교체 선수', '0', 'OB');
INSERT INTO player (name, back_number, position, bats_order, team) VALUES ('김민혁', '10', '교체 선수', '0', 'OB');
INSERT INTO player (name, back_number, position, bats_order, team) VALUES ('김성재', '116', '교체 선수', '0', 'OB');
INSERT INTO player (name, back_number, position, bats_order, team) VALUES ('김인태', '33', '교체 선수', '0', 'OB');
INSERT INTO player (name, back_number, position, bats_order, team) VALUES ('김재환', '32', '교체 선수', '0', 'OB');
INSERT INTO player (name, back_number, position, bats_order, team) VALUES ('김준상', '94', '교체 선수', '0', 'OB');
INSERT INTO player (name, back_number, position, bats_order, team) VALUES ('류현준', '11', '교체 선수', '0', 'OB');
INSERT INTO player (name, back_number, position, bats_order, team) VALUES ('박계범', '14', '교체 선수', '0', 'OB');
INSERT INTO player (name, back_number, position, bats_order, team) VALUES ('박민준', '26', '교체 선수', '0', 'OB');
INSERT INTO player (name, back_number, position, bats_order, team) VALUES ('박성재', '15', '교체 선수', '0', 'OB');
INSERT INTO player (name, back_number, position, bats_order, team) VALUES ('박준순', '52', '교체 선수', '0', 'OB');
INSERT INTO player (name, back_number, position, bats_order, team) VALUES ('박준영', '16', '교체 선수', '0', 'OB');
INSERT INTO player (name, back_number, position, bats_order, team) VALUES ('박지훈', '37', '교체 선수', '0', 'OB');
INSERT INTO player (name, back_number, position, bats_order, team) VALUES ('양석환', '53', '교체 선수', '0', 'OB');
INSERT INTO player (name, back_number, position, bats_order, team) VALUES ('양의지', '25', '교체 선수', '0', 'OB');
INSERT INTO player (name, back_number, position, bats_order, team) VALUES ('여동건', '5', '교체 선수', '0', 'OB');
INSERT INTO player (name, back_number, position, bats_order, team) VALUES ('오명진', '6', '교체 선수', '0', 'OB');
INSERT INTO player (name, back_number, position, bats_order, team) VALUES ('이선우', '24', '교체 선수', '0', 'OB');
INSERT INTO player (name, back_number, position, bats_order, team) VALUES ('이유찬', '13', '교체 선수', '0', 'OB');
INSERT INTO player (name, back_number, position, bats_order, team) VALUES ('임종성', '3', '교체 선수', '0', 'OB');
INSERT INTO player (name, back_number, position, bats_order, team) VALUES ('장규빈', '44', '교체 선수', '0', 'OB');
INSERT INTO player (name, back_number, position, bats_order, team) VALUES ('장승현', '22', '교체 선수', '0', 'OB');
INSERT INTO player (name, back_number, position, bats_order, team) VALUES ('전다민', '9', '교체 선수', '0', 'OB');
INSERT INTO player (name, back_number, position, bats_order, team) VALUES ('정수빈', '31', '교체 선수', '0', 'OB');
INSERT INTO player (name, back_number, position, bats_order, team) VALUES ('조수행', '51', '교체 선수', '0', 'OB');
INSERT INTO player (name, back_number, position, bats_order, team) VALUES ('천현재', '103', '교체 선수', '0', 'OB');
INSERT INTO player (name, back_number, position, bats_order, team) VALUES ('추재현', '36', '교체 선수', '0', 'OB');
INSERT INTO player (name, back_number, position, bats_order, team) VALUES ('케이브', '8', '교체 선수', '0', 'OB');
INSERT INTO player (name, back_number, position, bats_order, team) VALUES ('홍성호', '34', '교체 선수', '0', 'OB');
INSERT INTO player (name, back_number, position, bats_order, team) VALUES ('강민성', '5', '교체 선수', '0', 'KT');
INSERT INTO player (name, back_number, position, bats_order, team) VALUES ('강백호', '50', '교체 선수', '0', 'KT');
INSERT INTO player (name, back_number, position, bats_order, team) VALUES ('강현우', '55', '교체 선수', '0', 'KT');
INSERT INTO player (name, back_number, position, bats_order, team) VALUES ('권동진', '52', '교체 선수', '0', 'KT');
INSERT INTO player (name, back_number, position, bats_order, team) VALUES ('김민석', '97', '교체 선수', '0', 'KT');
INSERT INTO player (name, back_number, position, bats_order, team) VALUES ('김민혁', '53', '교체 선수', '0', 'KT');
INSERT INTO player (name, back_number, position, bats_order, team) VALUES ('김병준', '57', '교체 선수', '0', 'KT');
INSERT INTO player (name, back_number, position, bats_order, team) VALUES ('김상수', '7', '교체 선수', '0', 'KT');
INSERT INTO player (name, back_number, position, bats_order, team) VALUES ('김준태', '44', '교체 선수', '0', 'KT');
INSERT INTO player (name, back_number, position, bats_order, team) VALUES ('김철호', '9', '교체 선수', '0', 'KT');
INSERT INTO player (name, back_number, position, bats_order, team) VALUES ('로하스', '3', '교체 선수', '0', 'KT');
INSERT INTO player (name, back_number, position, bats_order, team) VALUES ('문상준', '113', '교체 선수', '0', 'KT');
INSERT INTO player (name, back_number, position, bats_order, team) VALUES ('문상철', '24', '교체 선수', '0', 'KT');
INSERT INTO player (name, back_number, position, bats_order, team) VALUES ('박민석', '2', '교체 선수', '0', 'KT');
INSERT INTO player (name, back_number, position, bats_order, team) VALUES ('박민석', '104', '교체 선수', '0', 'KT');
INSERT INTO player (name, back_number, position, bats_order, team) VALUES ('박태완', '58', '교체 선수', '0', 'KT');
INSERT INTO player (name, back_number, position, bats_order, team) VALUES ('배정대', '27', '교체 선수', '0', 'KT');
INSERT INTO player (name, back_number, position, bats_order, team) VALUES ('송민섭', '28', '교체 선수', '0', 'KT');
INSERT INTO player (name, back_number, position, bats_order, team) VALUES ('신범준', '62', '교체 선수', '0', 'KT');
INSERT INTO player (name, back_number, position, bats_order, team) VALUES ('안치영', '8', '교체 선수', '0', 'KT');
INSERT INTO player (name, back_number, position, bats_order, team) VALUES ('안현민', '23', '교체 선수', '0', 'KT');
INSERT INTO player (name, back_number, position, bats_order, team) VALUES ('오서진', '25', '교체 선수', '0', 'KT');
INSERT INTO player (name, back_number, position, bats_order, team) VALUES ('오윤석', '4', '교체 선수', '0', 'KT');
INSERT INTO player (name, back_number, position, bats_order, team) VALUES ('오재일', '36', '교체 선수', '0', 'KT');
INSERT INTO player (name, back_number, position, bats_order, team) VALUES ('유준규', '67', '교체 선수', '0', 'KT');
INSERT INTO player (name, back_number, position, bats_order, team) VALUES ('윤준혁', '35', '교체 선수', '0', 'KT');
INSERT INTO player (name, back_number, position, bats_order, team) VALUES ('이승준', '109', '교체 선수', '0', 'KT');
INSERT INTO player (name, back_number, position, bats_order, team) VALUES ('이승현', '96', '교체 선수', '0', 'KT');
INSERT INTO player (name, back_number, position, bats_order, team) VALUES ('이용현', '106', '교체 선수', '0', 'KT');
INSERT INTO player (name, back_number, position, bats_order, team) VALUES ('이정환', '103', '교체 선수', '0', 'KT');
INSERT INTO player (name, back_number, position, bats_order, team) VALUES ('이정훈', '33', '교체 선수', '0', 'KT');
INSERT INTO player (name, back_number, position, bats_order, team) VALUES ('이호연', '34', '교체 선수', '0', 'KT');
INSERT INTO player (name, back_number, position, bats_order, team) VALUES ('장성우', '22', '교체 선수', '0', 'KT');
INSERT INTO player (name, back_number, position, bats_order, team) VALUES ('장준원', '56', '교체 선수', '0', 'KT');
INSERT INTO player (name, back_number, position, bats_order, team) VALUES ('장진혁', '51', '교체 선수', '0', 'KT');
INSERT INTO player (name, back_number, position, bats_order, team) VALUES ('정영웅', '108', '교체 선수', '0', 'KT');
INSERT INTO player (name, back_number, position, bats_order, team) VALUES ('조대현', '42', '교체 선수', '0', 'KT');
INSERT INTO player (name, back_number, position, bats_order, team) VALUES ('천성호', '14', '교체 선수', '0', 'KT');
INSERT INTO player (name, back_number, position, bats_order, team) VALUES ('최동희', '100', '교체 선수', '0', 'KT');
INSERT INTO player (name, back_number, position, bats_order, team) VALUES ('최성민', '31', '교체 선수', '0', 'KT');
INSERT INTO player (name, back_number, position, bats_order, team) VALUES ('허경민', '13', '교체 선수', '0', 'KT');
INSERT INTO player (name, back_number, position, bats_order, team) VALUES ('황재균', '10', '교체 선수', '0', 'KT');
INSERT INTO player (name, back_number, position, bats_order, team) VALUES ('강진성', '27', '교체 선수', '0', 'WO');
INSERT INTO player (name, back_number, position, bats_order, team) VALUES ('고영우', '44', '교체 선수', '0', 'WO');
INSERT INTO player (name, back_number, position, bats_order, team) VALUES ('권혁빈', '71', '교체 선수', '0', 'WO');
INSERT INTO player (name, back_number, position, bats_order, team) VALUES ('김건희', '12', '교체 선수', '0', 'WO');
INSERT INTO player (name, back_number, position, bats_order, team) VALUES ('김동엽', '38', '교체 선수', '0', 'WO');
INSERT INTO player (name, back_number, position, bats_order, team) VALUES ('김동현', '47', '교체 선수', '0', 'WO');
INSERT INTO player (name, back_number, position, bats_order, team) VALUES ('김병휘', '23', '교체 선수', '0', 'WO');
INSERT INTO player (name, back_number, position, bats_order, team) VALUES ('김웅빈', '10', '교체 선수', '0', 'WO');
INSERT INTO player (name, back_number, position, bats_order, team) VALUES ('김재현', '32', '교체 선수', '0', 'WO');
INSERT INTO player (name, back_number, position, bats_order, team) VALUES ('김지성', '65', '교체 선수', '0', 'WO');
INSERT INTO player (name, back_number, position, bats_order, team) VALUES ('김태진', '1', '교체 선수', '0', 'WO');
INSERT INTO player (name, back_number, position, bats_order, team) VALUES ('박성빈', '56', '교체 선수', '0', 'WO');
INSERT INTO player (name, back_number, position, bats_order, team) VALUES ('박수종', '14', '교체 선수', '0', 'WO');
INSERT INTO player (name, back_number, position, bats_order, team) VALUES ('박주홍', '57', '교체 선수', '0', 'WO');
INSERT INTO player (name, back_number, position, bats_order, team) VALUES ('박준형', '75', '교체 선수', '0', 'WO');
INSERT INTO player (name, back_number, position, bats_order, team) VALUES ('박찬혁', '48', '교체 선수', '0', 'WO');
INSERT INTO player (name, back_number, position, bats_order, team) VALUES ('박채울', '79', '교체 선수', '0', 'WO');
INSERT INTO player (name, back_number, position, bats_order, team) VALUES ('변상권', '9', '교체 선수', '0', 'WO');
INSERT INTO player (name, back_number, position, bats_order, team) VALUES ('서유신', '98', '교체 선수', '0', 'WO');
INSERT INTO player (name, back_number, position, bats_order, team) VALUES ('송성문', '24', '교체 선수', '0', 'WO');
INSERT INTO player (name, back_number, position, bats_order, team) VALUES ('송지후', '86', '교체 선수', '0', 'WO');
INSERT INTO player (name, back_number, position, bats_order, team) VALUES ('심휘윤', '91', '교체 선수', '0', 'WO');
INSERT INTO player (name, back_number, position, bats_order, team) VALUES ('양경식', '64', '교체 선수', '0', 'WO');
INSERT INTO player (name, back_number, position, bats_order, team) VALUES ('양현종', '70', '교체 선수', '0', 'WO');
INSERT INTO player (name, back_number, position, bats_order, team) VALUES ('어준서', '92', '교체 선수', '0', 'WO');
INSERT INTO player (name, back_number, position, bats_order, team) VALUES ('여동욱', '93', '교체 선수', '0', 'WO');
INSERT INTO player (name, back_number, position, bats_order, team) VALUES ('염승원', '39', '교체 선수', '0', 'WO');
INSERT INTO player (name, back_number, position, bats_order, team) VALUES ('오선진', '60', '교체 선수', '0', 'WO');
INSERT INTO player (name, back_number, position, bats_order, team) VALUES ('원성준', '33', '교체 선수', '0', 'WO');
INSERT INTO player (name, back_number, position, bats_order, team) VALUES ('이명기', '34', '교체 선수', '0', 'WO');
INSERT INTO player (name, back_number, position, bats_order, team) VALUES ('이승원', '26', '교체 선수', '0', 'WO');
INSERT INTO player (name, back_number, position, bats_order, team) VALUES ('이용규', '15', '교체 선수', '0', 'WO');
INSERT INTO player (name, back_number, position, bats_order, team) VALUES ('이원석', '17', '교체 선수', '0', 'WO');
INSERT INTO player (name, back_number, position, bats_order, team) VALUES ('이재상', '5', '교체 선수', '0', 'WO');
INSERT INTO player (name, back_number, position, bats_order, team) VALUES ('이주형', '2', '교체 선수', '0', 'WO');
INSERT INTO player (name, back_number, position, bats_order, team) VALUES ('이주형', '58', '교체 선수', '0', 'WO');
INSERT INTO player (name, back_number, position, bats_order, team) VALUES ('이형종', '36', '교체 선수', '0', 'WO');
INSERT INTO player (name, back_number, position, bats_order, team) VALUES ('임병욱', '6', '교체 선수', '0', 'WO');
INSERT INTO player (name, back_number, position, bats_order, team) VALUES ('임지열', '29', '교체 선수', '0', 'WO');
INSERT INTO player (name, back_number, position, bats_order, team) VALUES ('장재영', '61', '교체 선수', '0', 'WO');
INSERT INTO player (name, back_number, position, bats_order, team) VALUES ('전태현', '97', '교체 선수', '0', 'WO');
INSERT INTO player (name, back_number, position, bats_order, team) VALUES ('주성원', '25', '교체 선수', '0', 'WO');
INSERT INTO player (name, back_number, position, bats_order, team) VALUES ('최주환', '53', '교체 선수', '0', 'WO');
INSERT INTO player (name, back_number, position, bats_order, team) VALUES ('카디네스', '4', '교체 선수', '0', 'WO');
INSERT INTO player (name, back_number, position, bats_order, team) VALUES ('푸이그', '66', '교체 선수', '0', 'WO');
INSERT INTO player (name, back_number, position, bats_order, team) VALUES ('강민제', '13', '교체 선수', '0', 'HT');
INSERT INTO player (name, back_number, position, bats_order, team) VALUES ('고종욱', '57', '교체 선수', '0', 'HT');
INSERT INTO player (name, back_number, position, bats_order, team) VALUES ('권다결', '20', '교체 선수', '0', 'HT');
INSERT INTO player (name, back_number, position, bats_order, team) VALUES ('김규성', '14', '교체 선수', '0', 'HT');
INSERT INTO player (name, back_number, position, bats_order, team) VALUES ('김도영', '5', '교체 선수', '0', 'HT');
INSERT INTO player (name, back_number, position, bats_order, team) VALUES ('김민수', '4', '교체 선수', '0', 'HT');
INSERT INTO player (name, back_number, position, bats_order, team) VALUES ('김석환', '35', '교체 선수', '0', 'HT');
INSERT INTO player (name, back_number, position, bats_order, team) VALUES ('김선빈', '3', '교체 선수', '0', 'HT');
INSERT INTO player (name, back_number, position, bats_order, team) VALUES ('김재현', '10', '교체 선수', '0', 'HT');
INSERT INTO player (name, back_number, position, bats_order, team) VALUES ('김태군', '42', '교체 선수', '0', 'HT');
INSERT INTO player (name, back_number, position, bats_order, team) VALUES ('김호령', '27', '교체 선수', '0', 'HT');
INSERT INTO player (name, back_number, position, bats_order, team) VALUES ('나성범', '47', '교체 선수', '0', 'HT');
INSERT INTO player (name, back_number, position, bats_order, team) VALUES ('박민', '2', '교체 선수', '0', 'HT');
INSERT INTO player (name, back_number, position, bats_order, team) VALUES ('박재현', '36', '교체 선수', '0', 'HT');
INSERT INTO player (name, back_number, position, bats_order, team) VALUES ('박정우', '15', '교체 선수', '0', 'HT');
INSERT INTO player (name, back_number, position, bats_order, team) VALUES ('박찬호', '1', '교체 선수', '0', 'HT');
INSERT INTO player (name, back_number, position, bats_order, team) VALUES ('변우혁', '29', '교체 선수', '0', 'HT');
INSERT INTO player (name, back_number, position, bats_order, team) VALUES ('서건창', '58', '교체 선수', '0', 'HT');
INSERT INTO player (name, back_number, position, bats_order, team) VALUES ('엄준현', '31', '교체 선수', '0', 'HT');
INSERT INTO player (name, back_number, position, bats_order, team) VALUES ('오선우', '56', '교체 선수', '0', 'HT');
INSERT INTO player (name, back_number, position, bats_order, team) VALUES ('오정환', '7', '교체 선수', '0', 'HT');
INSERT INTO player (name, back_number, position, bats_order, team) VALUES ('위즈덤', '45', '교체 선수', '0', 'HT');
INSERT INTO player (name, back_number, position, bats_order, team) VALUES ('윤도현', '9', '교체 선수', '0', 'HT');
INSERT INTO player (name, back_number, position, bats_order, team) VALUES ('이상준', '44', '교체 선수', '0', 'HT');
INSERT INTO player (name, back_number, position, bats_order, team) VALUES ('이우성', '25', '교체 선수', '0', 'HT');
INSERT INTO player (name, back_number, position, bats_order, team) VALUES ('이준범', '11', '교체 선수', '0', 'HT');
INSERT INTO player (name, back_number, position, bats_order, team) VALUES ('이창진', '8', '교체 선수', '0', 'HT');
INSERT INTO player (name, back_number, position, bats_order, team) VALUES ('정해원', '64', '교체 선수', '0', 'HT');
INSERT INTO player (name, back_number, position, bats_order, team) VALUES ('주효상', '22', '교체 선수', '0', 'HT');
INSERT INTO player (name, back_number, position, bats_order, team) VALUES ('최원준', '16', '교체 선수', '0', 'HT');
INSERT INTO player (name, back_number, position, bats_order, team) VALUES ('최정용', '23', '교체 선수', '0', 'HT');
INSERT INTO player (name, back_number, position, bats_order, team) VALUES ('최형우', '34', '교체 선수', '0', 'HT');
INSERT INTO player (name, back_number, position, bats_order, team) VALUES ('한승택', '26', '교체 선수', '0', 'HT');
INSERT INTO player (name, back_number, position, bats_order, team) VALUES ('한준수', '55', '교체 선수', '0', 'HT');
INSERT INTO player (name, back_number, position, bats_order, team) VALUES ('홍종표', '6', '교체 선수', '0', 'HT');
INSERT INTO player (name, back_number, position, bats_order, team) VALUES ('황대인', '52', '교체 선수', '0', 'HT');

-- 응원가 데이터 (등번호+팀 기준으로 선수 찾기)
INSERT INTO cheer_song (title, lyrics, audio_file_name, player_id) VALUES ('기본응원가', '강민호 민호민호\n삼성 강민호 오오오오 강민호\n빠라 빰빰빰 빰빰빰빰 강민호', 'ss47.mp3', (SELECT id FROM player WHERE back_number = '47' AND team = 'SS'));
INSERT INTO cheer_song (title, lyrics, audio_file_name, player_id) VALUES ('기본응원가', '달려라 라이온즈 강한울\n날려라 라이온즈 강한울\n오오우워 워 워\n승리를 위해 간다 강한울', 'ss6.mp3', (SELECT id FROM player WHERE back_number = '6' AND team = 'SS'));
INSERT INTO cheer_song (title, lyrics, audio_file_name, player_id) VALUES ('기본응원가', '삼성의 공민규\n삼성의 공민규\n승리를 위하여\n오 공민규', 'ss9.mp3', (SELECT id FROM player WHERE back_number = '9' AND team = 'SS'));
INSERT INTO cheer_song (title, lyrics, audio_file_name, player_id) VALUES ('기본응원가', '최강 삼성 구자욱\n치고 달려 구자욱\n시원하게 한방\n날려버려 구자욱', 'ss5(1).mp3', (SELECT id FROM player WHERE back_number = '5' AND team = 'SS'));
INSERT INTO cheer_song (title, lyrics, audio_file_name, player_id) VALUES ('안타/달빛소년', '최강 삼성 안타 구자욱\n승리를 위해 구자욱\n워워우워어\n최강삼성 구자욱', 'ss5(2).mp3', (SELECT id FROM player WHERE back_number = '5' AND team = 'SS'));
INSERT INTO cheer_song (title, lyrics, audio_file_name, player_id) VALUES ('기본응원가', '김도환 김도환 화니화니 안타\n김도환 김도환 워우워우워', 'ss24.mp3', (SELECT id FROM player WHERE back_number = '24' AND team = 'SS'));
INSERT INTO cheer_song (title, lyrics, audio_file_name, player_id) VALUES ('기본응원가', '최강 삼성 김민수 워\n안타 홈런 워어어어 워\n최강 삼성 김민수 워\n삼 성 김민수', 'ss12.mp3', (SELECT id FROM player WHERE back_number = '12' AND team = 'SS'));
INSERT INTO cheer_song (title, lyrics, audio_file_name, player_id) VALUES ('기본응원가', '더 멀리 더 빨리 치고 달려라\n최강 삼성 김성윤 워어어어어\n더 멀리 더 빨리 치고 달려라\n최강 삼성 김성윤 워어어어어\n최강 삼성 김성윤 넌 할 수있어', 'ss39.mp3', (SELECT id FROM player WHERE back_number = '39' AND team = 'SS'));
INSERT INTO cheer_song (title, lyrics, audio_file_name, player_id) VALUES ('기본응원가', '최강 삼성 히어로 누구 김영웅\n승리의 안타를 날려라\n최강 삼성 히어로 누구 김영웅\n워어어어어어어', 'ss30.mp3', (SELECT id FROM player WHERE back_number = '30' AND team = 'SS'));
INSERT INTO cheer_song (title, lyrics, audio_file_name, player_id) VALUES ('기본응원가', '삼성 김재성 오오오 김재성\n승리를 위하여 한방 날려버려\n김재성 오오오 김재성\n삼성의 김재성', 'ss2.mp3', (SELECT id FROM player WHERE back_number = '2' AND team = 'SS'));
INSERT INTO cheer_song (title, lyrics, audio_file_name, player_id) VALUES ('기본응원가', '삼성 김재혁 워어어어어\n삼성의 승리를 위해 오 파이팅', 'ss8.mp3', (SELECT id FROM player WHERE back_number = '8' AND team = 'SS'));
INSERT INTO cheer_song (title, lyrics, audio_file_name, player_id) VALUES ('기본응원가', '삼성의 김지찬\n안타를 날려라\n삼성의 김지찬\n찬찬찬 김지찬', 'ss58.mp3', (SELECT id FROM player WHERE back_number = '58' AND team = 'SS'));
INSERT INTO cheer_song (title, lyrics, audio_file_name, player_id) VALUES ('기본응원가', '삼성 김태훈 워어우워\n안타 김태훈 워어우워어\n삼성 김태훈 워어우워\n홈런 김태훈 워어우워어', 'ss25.mp3', (SELECT id FROM player WHERE back_number = '25' AND team = 'SS'));
INSERT INTO cheer_song (title, lyrics, audio_file_name, player_id) VALUES ('기본응원가', '오오 삼성의 김헌곤\n오오 삼성의 김헌곤\n오오 승리를 위해\n안타 안타 김헌곤', 'ss32.mp3', (SELECT id FROM player WHERE back_number = '32' AND team = 'SS'));
INSERT INTO cheer_song (title, lyrics, audio_file_name, player_id) VALUES ('기본응원가', '라이온즈의 디아즈\n디아즈 오오 디아즈\n승리를 위해 디아즈\n디아즈 워어어어어 (VIVA!)', 'ss0.mp3', (SELECT id FROM player WHERE back_number = '0' AND team = 'SS'));
INSERT INTO cheer_song (title, lyrics, audio_file_name, player_id) VALUES ('기본응원가', '삼성 류지혁\n류지혁 워어어어\n날려버려 워어어어\n시원하고 화끈하게 류지혁 (가자!)\n류지혁 워어어어 삼성 류지혁\n최강 삼성 승리를 위해 류지혁', 'ss16.mp3', (SELECT id FROM player WHERE back_number = '16' AND team = 'SS'));
INSERT INTO cheer_song (title, lyrics, audio_file_name, player_id) VALUES ('기본응원가', '오오오오 홈런 오오오오 홈런\n라이온즈 박병호\n오오오 오오오오오오\n라이온즈 박병호', 'ss52.mp3', (SELECT id FROM player WHERE back_number = '52' AND team = 'SS'));
INSERT INTO cheer_song (title, lyrics, audio_file_name, player_id) VALUES ('기본응원가', '안타를 펑펑펑 오 날려라\n최강 삼성 박승규\n안타를 펑펑 펑 펑\n안타를 펑펑펑 박승규 예', 'ss66.mp3', (SELECT id FROM player WHERE back_number = '66' AND team = 'SS'));
INSERT INTO cheer_song (title, lyrics, audio_file_name, player_id) VALUES ('기본응원가', '삼성의 심재훈 삼성의 심재훈\n안타를 날려버려 삼성 심재훈\n삼성의 심재훈 삼성의 심재훈\n홈런을 날려버려 삼성 심재훈', 'ss38.mp3', (SELECT id FROM player WHERE back_number = '38' AND team = 'SS'));
INSERT INTO cheer_song (title, lyrics, audio_file_name, player_id) VALUES ('기본응원가', '삼성의 안주형 안타\n안주형 안타\n안주형 안타\n오오오오', 'ss14.mp3', (SELECT id FROM player WHERE back_number = '14' AND team = 'SS'));
INSERT INTO cheer_song (title, lyrics, audio_file_name, player_id) VALUES ('기본응원가', '삼성의 양우현 삼성의 양우현\n오오오 최강삼성 양우현\n삼성의 양우현 삼성의 양우현\n야이야이야이야이야', 'ss53.mp3', (SELECT id FROM player WHERE back_number = '53' AND team = 'SS'));
INSERT INTO cheer_song (title, lyrics, audio_file_name, player_id) VALUES ('기본응원가', '오오오오 윤정빈\n삼성의 윤정빈 오오오\n오오오오 윤정빈\n삼성의 승리를 위해', 'ss31.mp3', (SELECT id FROM player WHERE back_number = '31' AND team = 'SS'));
INSERT INTO cheer_song (title, lyrics, audio_file_name, player_id) VALUES ('기본응원가', '이병헌 삼성의 승리를 위해\n안타를 날려버려 오오오\n이병헌 삼성의 승리를 위해\n날려버려 이병허니', 'ss23.mp3', (SELECT id FROM player WHERE back_number = '23' AND team = 'SS'));
INSERT INTO cheer_song (title, lyrics, audio_file_name, player_id) VALUES ('기본응원가', '날려라 삼성 이성규 오 안타\n삼성 이성규 오 홈런\n최강 삼성 승리 위해\n날려라 삼성 이성규 오 파이팅', 'ss13.mp3', (SELECT id FROM player WHERE back_number = '13' AND team = 'SS'));
INSERT INTO cheer_song (title, lyrics, audio_file_name, player_id) VALUES ('기본응원가', '삼성의 이재현\n빼뱀 뺌빼배뱀 안타 빼뱀\n삼성의 이재현\n빼뱀 뺌빼배뱀 홈런 빼뱀', 'ss7.mp3', (SELECT id FROM player WHERE back_number = '7' AND team = 'SS'));
INSERT INTO cheer_song (title, lyrics, audio_file_name, player_id) VALUES ('기본응원가', '오 이창용\n최강삼성 이창용\n라이온즈 승리 위하여\n안타 이창용', 'ss50.mp3', (SELECT id FROM player WHERE back_number = '50' AND team = 'SS'));
INSERT INTO cheer_song (title, lyrics, audio_file_name, player_id) VALUES ('기본응원가', '삼성의 이해승\n날려해승 달려해승 삼성 이해승 헤이', 'ss56.mp3', (SELECT id FROM player WHERE back_number = '56' AND team = 'SS'));
INSERT INTO cheer_song (title, lyrics, audio_file_name, player_id) VALUES ('기본응원가', '삼성의 전병우 전병우\n삼성 전병우 안타를 호우 홈런을 호우\n날려라 승리를 향해', 'ss34.mp3', (SELECT id FROM player WHERE back_number = '34' AND team = 'SS'));
INSERT INTO cheer_song (title, lyrics, audio_file_name, player_id) VALUES ('기본응원가', '당차고 시원하게 달려라 LG 구본혁\n언제나 너!의 옆에 우리가 함께\n당차고 시원하게 날려라 LG 구본혁\n언제나 너! 영원히 사랑할게', 'lg6.mp3', (SELECT id FROM player WHERE back_number = '6' AND team = 'LG'));
INSERT INTO cheer_song (title, lyrics, audio_file_name, player_id) VALUES ('기본응원가', '안타 안타 LG 김민수\n안타 안타 LG 김민수\n안타 안타 LG 김민수\n오! 김민수', 'lg16.mp3', (SELECT id FROM player WHERE back_number = '16' AND team = 'LG'));
INSERT INTO cheer_song (title, lyrics, audio_file_name, player_id) VALUES ('기본응원가', 'LG의 김범석\nLG의 김범석\nLG의 승리를 위하여\n날려라 김범석', 'lg55.mp3', (SELECT id FROM player WHERE back_number = '55' AND team = 'LG'));
INSERT INTO cheer_song (title, lyrics, audio_file_name, player_id) VALUES ('기본응원가', '오! LG의 김현수 x2\n오! 승리를 위하여\n오! 힘차게 날려라\n오! LG의 김현수 x2\n오! 승리를 위하여\n무! 적! L! G! 김! 현! 수!', 'lg22.mp3', (SELECT id FROM player WHERE back_number = '22' AND team = 'LG'));
INSERT INTO cheer_song (title, lyrics, audio_file_name, player_id) VALUES ('기본응원가', '무적LG 승리 위해 날려버려라\nLG의 문보경 (안타!) LG의 문보경 (홈런!)', 'lg2.mp3', (SELECT id FROM player WHERE back_number = '2' AND team = 'LG'));
INSERT INTO cheer_song (title, lyrics, audio_file_name, player_id) VALUES ('기본응원가', '무적LG 오 문성주 날려버려라\n무적LG 오 문성주 날려버려라\n랄랄라라 랄랄라라 랄랄랄라라 (헤이!)\n랄랄라라 랄랄라라 랄랄랄라라 (헤이!)', 'lg8.mp3', (SELECT id FROM player WHERE back_number = '8' AND team = 'LG'));
INSERT INTO cheer_song (title, lyrics, audio_file_name, player_id) VALUES ('기본응원가', '문정빈 힘차게 날아올라봐\nLG의 승리 위하여\n문정빈 넌 빛나고 있어\n문정빈 힘차게 날아올라봐\nLG의 승리 위하여\n문정빈 주인공은 바로 너!\n문!정!빈!', 'lg53.mp3', (SELECT id FROM player WHERE back_number = '53' AND team = 'LG'));
INSERT INTO cheer_song (title, lyrics, audio_file_name, player_id) VALUES ('기본응원가', '시원하게 (쏴) 쏘아올려 (쏴)\n무적LG 박동원 (안타!)\n승리위해 저 끝까지\n날려버려 박동원 (홈런!)', 'lg27.mp3', (SELECT id FROM player WHERE back_number = '27' AND team = 'LG'));
INSERT INTO cheer_song (title, lyrics, audio_file_name, player_id) VALUES ('기본응원가', '날려버려 안타 박해민\n오오오오오 박해민\n무!적!L!G! 박!해!민!', 'lg17.mp3', (SELECT id FROM player WHERE back_number = '17' AND team = 'LG'));
INSERT INTO cheer_song (title, lyrics, audio_file_name, player_id) VALUES ('기본응원가', 'LG의 송찬의(안타!) LG의 송찬의(홈런!)\n무적LG 승리위해 날려버려라', 'lg14.mp3', (SELECT id FROM player WHERE back_number = '14' AND team = 'LG'));
INSERT INTO cheer_song (title, lyrics, audio_file_name, player_id) VALUES ('기본응원가', '날려버려 날려버려 안!타!신!민!재!', 'lg4.mp3', (SELECT id FROM player WHERE back_number = '4' AND team = 'LG'));
INSERT INTO cheer_song (title, lyrics, audio_file_name, player_id) VALUES ('기본응원가', '날려버려 LG의 안익훈\n승리위해 힘차게 날려라\n날려버려 LG의 안익훈 승리를 위해\n날려버려 LG의 안익훈\n승리위해 힘차게 날려라\n날려버려 LG의 안익훈\n무!적!L!G! 안!익!훈!', 'lg15.mp3', (SELECT id FROM player WHERE back_number = '15' AND team = 'LG'));
INSERT INTO cheer_song (title, lyrics, audio_file_name, player_id) VALUES ('기본응원가', '무적LG의 오스틴 딘! 날려버려라 오! 스! 틴! 딘!', 'lg23(1).mp3', (SELECT id FROM player WHERE back_number = '23' AND team = 'LG'));
INSERT INTO cheer_song (title, lyrics, audio_file_name, player_id) VALUES ('안타/홈런', '오스틴 딘 오오오 오스틴 딘 오오오 오스틴 딘 오오오 오!스!틴! 딘!', 'lg23(2).mp3', (SELECT id FROM player WHERE back_number = '23' AND team = 'LG'));
INSERT INTO cheer_song (title, lyrics, audio_file_name, player_id) VALUES ('기본응원가', '무적 LG 오지환\n무적 LG 오지환\n워어어어어어어\n(누구?)\n무!적!L!G! 오!지!환!', 'lg10.mp3', (SELECT id FROM player WHERE back_number = '10' AND team = 'LG'));
INSERT INTO cheer_song (title, lyrics, audio_file_name, player_id) VALUES ('기본응원가', '달려라 LG의 이영빈\n날려라 LG의 이영빈\nLG의 승리를 위하여\n오! 이영빈', 'lg7.mp3', (SELECT id FROM player WHERE back_number = '7' AND team = 'LG'));
INSERT INTO cheer_song (title, lyrics, audio_file_name, player_id) VALUES ('기본응원가', '트윈스 이주헌 날려버려라\n날려버려라 날려버려라\n트윈스 이주헌 날려버려라\nLG 트윈스의 주헌이 (안타!)', 'lg26.mp3', (SELECT id FROM player WHERE back_number = '26' AND team = 'LG'));
INSERT INTO cheer_song (title, lyrics, audio_file_name, player_id) VALUES ('기본응원가', '오 달려라 오 달려라\n날!쌘!돌!이! 최!승!민!', 'lg62.mp3', (SELECT id FROM player WHERE back_number = '62' AND team = 'LG'));
INSERT INTO cheer_song (title, lyrics, audio_file_name, player_id) VALUES ('기본응원가', '오 LG의 최원영 끝까지\n오 LG의 최원영 할!수!있!어!최!원!영!', 'lg3.mp3', (SELECT id FROM player WHERE back_number = '3' AND team = 'LG'));
INSERT INTO cheer_song (title, lyrics, audio_file_name, player_id) VALUES ('기본응원가', 'LG 천성호 (호!) LG 천성호 (호!)\n무적 LG 승리를 위해 \n(안!타!천!성!호!)', 'lg59.mp3', (SELECT id FROM player WHERE back_number = '59' AND team = 'LG'));
INSERT INTO cheer_song (title, lyrics, audio_file_name, player_id) VALUES ('기본응원가', '홍창기 안타 안타날려 홍창기\n홍창기 안타 날려버려라\n홍창기 안타 안타날려 홍창기\n무적 LG의 승리를 위해', 'lg51.mp3', (SELECT id FROM player WHERE back_number = '51' AND team = 'LG'));
INSERT INTO cheer_song (title, lyrics, audio_file_name, player_id) VALUES ('기본응원가', '워어어 최강한화 김인환 워 승릴위해 외쳐라 (김!인!환!)\n워어어 최강한화 김인환 워어어 워어어어어 (김!인!환!)', 'hh37.mp3', (SELECT id FROM player WHERE back_number = '37' AND team = 'HH'));
INSERT INTO cheer_song (title, lyrics, audio_file_name, player_id) VALUES ('기본응원가', '한화의 김태연(Let''s go) 힘차게 날려라(Let''s go)
승리는 언제나 우리의 것(Let''s go 탱구)
한화의 김태연(Let''s go) 힘차게 날려라(Let''s go)
승리는 언제나 우리의 것(Let''s go 탱구)
Let''s go 탱구 (x2)', 'hh25.mp3', (SELECT id FROM player WHERE back_number = '25' AND team = 'HH'));
INSERT INTO cheer_song (title, lyrics, audio_file_name, player_id) VALUES ('기본응원가', '오 노시환 워어어 워어어어 날려줘요 환상적으로 날려버려 노시환\n오 노시환 워어어 워어어어 날려줘요 환상적으로 안타 홈런 워어어어 노!시!환!', 'hh8.mp3', (SELECT id FROM player WHERE back_number = '8' AND team = 'HH'));
INSERT INTO cheer_song (title, lyrics, audio_file_name, player_id) VALUES ('기본응원가', '한화 문현빈 워어어어어 한화 문현빈 워어어어어\n최강 한화의 승리를 위해 워어어어 어어어어', 'hh51.mp3', (SELECT id FROM player WHERE back_number = '51' AND team = 'HH'));
INSERT INTO cheer_song (title, lyrics, audio_file_name, player_id) VALUES ('기본응원가', '한화의 박상언 워어어어 한화의 박상언 워어어어\n승리의 그이름 박상언 기억해 워어어어', 'hh42.mp3', (SELECT id FROM player WHERE back_number = '42' AND team = 'HH'));
INSERT INTO cheer_song (title, lyrics, audio_file_name, player_id) VALUES ('기본응원가', '한화 심우준 한화 심우준 오오오\n이글스의 심우준\n한화 심우준 한화 심우준 오오오\n너는 슈퍼 판타스틱', 'hh2.mp3', (SELECT id FROM player WHERE back_number = '2' AND team = 'HH'));
INSERT INTO cheer_song (title, lyrics, audio_file_name, player_id) VALUES ('기본응원가', '한화 안치홍 한화 안치홍 워어\n승리를 위하여 워어어 워어어', 'hh3.mp3', (SELECT id FROM player WHERE back_number = '3' AND team = 'HH'));
INSERT INTO cheer_song (title, lyrics, audio_file_name, player_id) VALUES ('기본응원가', '한화의(의!) 이도윤(윤!) 워어어어어어어 힘차게 날려라 승리를 위하여\n한화의(의!) 이도윤(윤!) 워어어어어어어 힘차게 날려라 이도윤 (이!도!윤!)', 'hh7.mp3', (SELECT id FROM player WHERE back_number = '7' AND team = 'HH'));
INSERT INTO cheer_song (title, lyrics, audio_file_name, player_id) VALUES ('기본응원가', '이글스의 이재원 오오오 오오오오\n이글스의 이재원 오오오 오오오오\n이재원 오오오오 오오오오 오오오오\n이글스의 이재원 오오오 오오오오 이!재!원!', 'hh20.mp3', (SELECT id FROM player WHERE back_number = '20' AND team = 'HH'));
INSERT INTO cheer_song (title, lyrics, audio_file_name, player_id) VALUES ('기본응원가', '한화의 이진영 워어어\n한화의 이진영 워어어\n이순간 너의 모든것을 보여줘 넌! 이진영이다', 'hh10.mp3', (SELECT id FROM player WHERE back_number = '10' AND team = 'HH'));
INSERT INTO cheer_song (title, lyrics, audio_file_name, player_id) VALUES ('기본응원가', '오 임종찬 짝짝 오 임종찬 짝짝 찬찬찬\n한화 임종찬 로컬보이 워 워워 한화 임종찬', 'hh24.mp3', (SELECT id FROM player WHERE back_number = '24' AND team = 'HH'));
INSERT INTO cheer_song (title, lyrics, audio_file_name, player_id) VALUES ('기본응원가', '최강한화 채은성 워어어어\n최강한화 채은성 워어어어\n저!하늘로 날아올라 빛이 되리라 워어어어 한화 채은성', 'hh22.mp3', (SELECT id FROM player WHERE back_number = '22' AND team = 'HH'));
INSERT INTO cheer_song (title, lyrics, audio_file_name, player_id) VALUES ('기본응원가', '호! 안타 최인호 안타 최인호 워어어어\n이글스의 호! 안타 최인호 안타 최인호 워어어어\n이글스의 최!인!호!', 'hh41.mp3', (SELECT id FROM player WHERE back_number = '41' AND team = 'HH'));
INSERT INTO cheer_song (title, lyrics, audio_file_name, player_id) VALUES ('기본응원가', '케세라세라 이글스의 승리 위해 워어\n안타 날려줘요 한방 날려줘요 이글스의 최재훈\n케세라세라 이글스의 승리 위해 워어\n안타 날려라 날려라 날려라 날려라 (최! 재! 훈!)', 'hh13.mp3', (SELECT id FROM player WHERE back_number = '13' AND team = 'HH'));
INSERT INTO cheer_song (title, lyrics, audio_file_name, player_id) VALUES ('기본응원가', '플로리얼 워어어어 한화의 플!로!리!얼! 워어 어어어', 'hh34.mp3', (SELECT id FROM player WHERE back_number = '34' AND team = 'HH'));
INSERT INTO cheer_song (title, lyrics, audio_file_name, player_id) VALUES ('기본응원가', '하주석 유후 하주석 승리를 위해 함께 외쳐라\n하주석 유후 하주석 승리를 위해 함께 외쳐라 워어\n하!주!석!', 'hh16.mp3', (SELECT id FROM player WHERE back_number = '16' AND team = 'HH'));
INSERT INTO cheer_song (title, lyrics, audio_file_name, player_id) VALUES ('기본응원가', '한화의 황영묵 날려버려라 한화의 승리를 원하잖아\n최강 한화의 승리를 위해 날려라 묵이\n황!영!묵!', 'hh95.mp3', (SELECT id FROM player WHERE back_number = '95' AND team = 'HH'));
INSERT INTO cheer_song (title, lyrics, audio_file_name, player_id) VALUES ('기본응원가', '롯데의 고승민 안타 안타 롯데의 고승민 안타 안타\n워어어 워어어 워어어어\n워어어 워어어 워어어어\n롯데의 고승민 안타 안타', 'lt2.mp3', (SELECT id FROM player WHERE back_number = '2' AND team = 'LT'));
INSERT INTO cheer_song (title, lyrics, audio_file_name, player_id) VALUES ('기본응원가', '롯데 자이언츠 김동혁 오오오오 김동혁\n롯데 자이언츠 김동혁 롯데 김동혁 오 오오오\n(안타! 김!동!혁!) X2', 'lt50.mp3', (SELECT id FROM player WHERE back_number = '50' AND team = 'LT'));
INSERT INTO cheer_song (title, lyrics, audio_file_name, player_id) VALUES ('기본응원가', '롯데의 김민성 오오 오오오 오오오 ×4', 'lt16.mp3', (SELECT id FROM player WHERE back_number = '16' AND team = 'LT'));
INSERT INTO cheer_song (title, lyrics, audio_file_name, player_id) VALUES ('기본응원가', '자이언츠! 나승엽 쌔리라! 안타 안타\n자이언츠! 나승엽 오오오오 오오오 ×2', 'lt51.mp3', (SELECT id FROM player WHERE back_number = '51' AND team = 'LT'));
INSERT INTO cheer_song (title, lyrics, audio_file_name, player_id) VALUES ('기본응원가', '롯데 노진혁 롯데 노진혁 오오오\n안타 홈런 오오오 오오오오\n안타 홈런 오오오 오오오오 ×2\n롯데 노진혁', 'lt52.mp3', (SELECT id FROM player WHERE back_number = '52' AND team = 'LT'));
INSERT INTO cheer_song (title, lyrics, audio_file_name, player_id) VALUES ('기본응원가', '롯데의 박승욱 안타 안타!\n롯데의 박승욱 안타 안타\n오오오 오오오 오오오 오오오\n롯!데! 박!승!욱! ×2', 'lt53.mp3', (SELECT id FROM player WHERE back_number = '53' AND team = 'LT'));
INSERT INTO cheer_song (title, lyrics, audio_file_name, player_id) VALUES ('기본응원가', '빅터 레이예스 안타홈런 오오오\n빅터 레이예스 오오오 오오\n빅터 레이예스 안타홈런 오오오\n빅터 레이예스 (롯데! 레이예스!) x2', 'lt29.mp3', (SELECT id FROM player WHERE back_number = '29' AND team = 'LT'));
INSERT INTO cheer_song (title, lyrics, audio_file_name, player_id) VALUES ('기본응원가', '최강롯데 자이언츠 롯데 손성빈!\n안타 손성빈! 안타 손성빈!\n오오오오 오오 손!성!빈! ×2', 'lt28.mp3', (SELECT id FROM player WHERE back_number = '28' AND team = 'LT'));
INSERT INTO cheer_song (title, lyrics, audio_file_name, player_id) VALUES ('기본응원가', '롯데의 손호영 안타 쎄리라\n롯데의 손호영 오오오오 ×4', 'lt33.mp3', (SELECT id FROM player WHERE back_number = '33' AND team = 'LT'));
INSERT INTO cheer_song (title, lyrics, audio_file_name, player_id) VALUES ('기본응원가', '롯데 신윤후 롯데 신윤후\n안타 안타 오오오오 ×2', 'lt3.mp3', (SELECT id FROM player WHERE back_number = '3' AND team = 'LT'));
INSERT INTO cheer_song (title, lyrics, audio_file_name, player_id) VALUES ('기본응원가', '롯데의 유강남 오오오 (유!강!남!)\n롯데의 유강남 오 오오오 ×2', 'lt27.mp3', (SELECT id FROM player WHERE back_number = '27' AND team = 'LT'));
INSERT INTO cheer_song (title, lyrics, audio_file_name, player_id) VALUES ('기본응원가', '롯데의 윤동희! 쌔리라 안타 쌔리라\n최강롯데 자이언츠! 윤동희 (안타!) X2', 'lt91.mp3', (SELECT id FROM player WHERE back_number = '91' AND team = 'LT'));
INSERT INTO cheer_song (title, lyrics, audio_file_name, player_id) VALUES ('기본응원가', '롯데 이호준 안타 쎄리라\n오오오오오 오 오오\n롯데 이호준 안타 안타\n롯데의 이호준 ×2', 'lt30.mp3', (SELECT id FROM player WHERE back_number = '30' AND team = 'LT'));
INSERT INTO cheer_song (title, lyrics, audio_file_name, player_id) VALUES ('기본응원가', '롯데 롯데 장두성 롯데의 장두성\n롯데 롯데 장두성 오 오오 오오오오오 안타! x2', 'lt7.mp3', (SELECT id FROM player WHERE back_number = '7' AND team = 'LT'));
INSERT INTO cheer_song (title, lyrics, audio_file_name, player_id) VALUES ('기본응원가', '롯데의 전민재 롯데의 전민재 안타 오오오오 오 오오 오\n롯데 전민재 (전민재!) 전민재 롯데의 전민재 안타\n오오오오 오 오오 오 롯데 전민재 (전민재!)', 'lt13.mp3', (SELECT id FROM player WHERE back_number = '13' AND team = 'LT'));
INSERT INTO cheer_song (title, lyrics, audio_file_name, player_id) VALUES ('기본응원가', '안타! 안타! 쌔리라 쌔리라\n롯!데 전준우\n안타! 안타! 쌔리라 쌔리라\n롯!데 전준우 ×2', 'lt8.mp3', (SELECT id FROM player WHERE back_number = '8' AND team = 'LT'));
INSERT INTO cheer_song (title, lyrics, audio_file_name, player_id) VALUES ('기본응원가', '롯데 자이언츠 정보근 (Hey!)\n롯데 자이언츠 정보근 (Hey!)\n롯데 자이언츠 정보근 (Hey!)\n오 오오 오오오 ×2', 'lt42.mp3', (SELECT id FROM player WHERE back_number = '42' AND team = 'LT'));
INSERT INTO cheer_song (title, lyrics, audio_file_name, player_id) VALUES ('기본응원가', '오! 정훈!(정훈! 정훈!) 자이언츠 정훈!\n오 오오오오 오오 오오오 x2 (날려버려!)', 'lt9.mp3', (SELECT id FROM player WHERE back_number = '9' AND team = 'LT'));
INSERT INTO cheer_song (title, lyrics, audio_file_name, player_id) VALUES ('기본응원가', '오오오 오오 오오오\n오 롯데 롯데 조세진\n오오오 오오 오오오\n오 롯데 롯데 조세진 x2', 'lt5.mp3', (SELECT id FROM player WHERE back_number = '5' AND team = 'LT'));
INSERT INTO cheer_song (title, lyrics, audio_file_name, player_id) VALUES ('기본응원가', '롯데의 최항 오오오오오 오오오\n최강롯데 자이언츠 최항 안타 ×4', 'lt14.mp3', (SELECT id FROM player WHERE back_number = '14' AND team = 'LT'));
INSERT INTO cheer_song (title, lyrics, audio_file_name, player_id) VALUES ('기본응원가', '롯데 자이언츠 한태양 안타\n오오 오오오오 오오오\n롯데 자이언츠 한태양 안타\n오오오 오 오오오 x2', 'lt6.mp3', (SELECT id FROM player WHERE back_number = '6' AND team = 'LT'));
INSERT INTO cheer_song (title, lyrics, audio_file_name, player_id) VALUES ('기본응원가', '다이노스 오 권희동NC 오! 권희동 오! 권희동 권희동 안타 NC 오! 권희동 오! 권희동 오 오오오 권! 희! 동!NC 오! 권희동 오! 권희동 권희동 안타 NC 오! 권희동 오! 권희동 오 오오오 권! 희! 동!', 'nc36.mp3', (SELECT id FROM player WHERE back_number = '36' AND team = 'NC'));
INSERT INTO cheer_song (title, lyrics, audio_file_name, player_id) VALUES ('기본응원가', '다이노 김주원오 NC 김주원 힘차게 달려 라랄랄라 오오오 NC 김주원 승리를 위해 라랄라오 NC 김주원 힘차게 달려 라랄랄라 오오오 NC 김주원 승리를 위해 라랄라다이노스 김! 주! 원!', 'nc7.mp3', (SELECT id FROM player WHERE back_number = '7' AND team = 'NC'));
INSERT INTO cheer_song (title, lyrics, audio_file_name, player_id) VALUES ('기본응원가', '오오오 김한별 승리를 위하여 안타 치고 달려라 (김한별!)오오오 김한별 승리를 위하여 다이노스 김한별 날려라', 'nc68.mp3', (SELECT id FROM player WHERE back_number = '68' AND team = 'NC'));
INSERT INTO cheer_song (title, lyrics, audio_file_name, player_id) VALUES ('기본응원가', '오오오 NC 김형준! 오오 오오오오다이노스 승리를 위해 NC 김형준 (김!형!준!) X2', 'nc25.mp3', (SELECT id FROM player WHERE back_number = '25' AND team = 'NC'));
INSERT INTO cheer_song (title, lyrics, audio_file_name, player_id) VALUES ('기본응원가', '안타 안타 날려버려 다이노스 김휘집 (예!)', 'nc44.mp3', (SELECT id FROM player WHERE back_number = '44' AND team = 'NC'));
INSERT INTO cheer_song (title, lyrics, audio_file_name, player_id) VALUES ('기본응원가', '데이비슨 오오 데이비슨 오오오오 데이비슨 오오 NC 다이노스 데 이 비 슨!', 'nc24.mp3', (SELECT id FROM player WHERE back_number = '24' AND team = 'NC'));
INSERT INTO cheer_song (title, lyrics, audio_file_name, player_id) VALUES ('기본응원가', '다이노스 도태훈 안타 오! 오오오오 다이노스 도태훈 안타 오! 오오오오', 'nc16.mp3', (SELECT id FROM player WHERE back_number = '16' AND team = 'NC'));
INSERT INTO cheer_song (title, lyrics, audio_file_name, player_id) VALUES ('기본응원가', '워어어 NC 박건우 워어어 NC 박건우 언제나 거침없이 넌 달려왔지쎄리라 NC 박건우 쎄리라 NC 박건우 절대 멈추지 않아 승리를 향해 박건우', 'nc37.mp3', (SELECT id FROM player WHERE back_number = '37' AND team = 'NC'));
INSERT INTO cheer_song (title, lyrics, audio_file_name, player_id) VALUES ('기본응원가', '오오오 박민우 오오오 박민우 오오오 날려버려 (안타!)', 'nc2(1).mp3', (SELECT id FROM player WHERE back_number = '2' AND team = 'NC'));
INSERT INTO cheer_song (title, lyrics, audio_file_name, player_id) VALUES ('기본응원가', '오오오 NC의 박민우 오오오 NC의 박민우 오오오 NC의 박민우 다! 이! 노! 스! 박! 민! 우!', 'nc2(2).mp3', (SELECT id FROM player WHERE back_number = '2' AND team = 'NC'));
INSERT INTO cheer_song (title, lyrics, audio_file_name, player_id) VALUES ('기본응원가', '워어우워어어 NC 박세혁 워어우워어어 NC 박세혁워우워 안방마님 박세혁! 워우워 다이노스 박세혁!', 'nc10.mp3', (SELECT id FROM player WHERE back_number = '10' AND team = 'NC'));
INSERT INTO cheer_song (title, lyrics, audio_file_name, player_id) VALUES ('기본응원가', '다이노스 박시원 오오오오오오오오오오 (안! 타! 박시원!)다이노스 박시원 (시원하게 쌔리라!)', 'nc53.mp3', (SELECT id FROM player WHERE back_number = '53' AND team = 'NC'));
INSERT INTO cheer_song (title, lyrics, audio_file_name, player_id) VALUES ('기본응원가', '다이노스 서호철 워어어 워어 안! 타! 다이노스 서호철 승리를 위해 안! 타!', 'nc5.mp3', (SELECT id FROM player WHERE back_number = '5' AND team = 'NC'));
INSERT INTO cheer_song (title, lyrics, audio_file_name, player_id) VALUES ('기본응원가', '오! 다이노스 손아섭 NC 승리 위해! 오! 오오오다! 이! 노! 스! 손! 아! 섭!', 'nc31.mp3', (SELECT id FROM player WHERE back_number = '31' AND team = 'NC'));
INSERT INTO cheer_song (title, lyrics, audio_file_name, player_id) VALUES ('기본응원가', '다이노스 안중열 거침없이 가자 가자 안중열 (안중열 안타!)다이노스 안중열 거침없이 안타 안타 안중열 (안중열 안타!)', 'nc1.mp3', (SELECT id FROM player WHERE back_number = '1' AND team = 'NC'));
INSERT INTO cheer_song (title, lyrics, audio_file_name, player_id) VALUES ('기본응원가', '오! 오영수 NC 다이노스 오영수안타를 (쌔리라!) 홈런을 (쌔리라!) 다! 이! 노! 스! 오! 영! 수!', 'nc34.mp3', (SELECT id FROM player WHERE back_number = '34' AND team = 'NC'));
INSERT INTO cheer_song (title, lyrics, audio_file_name, player_id) VALUES ('기본응원가', '다이노스 천재환 오오오 워어어어 다이노스 천재환 (안! 타! 천재환!)다이노스 천재환 오오오 워어어어 다이노스 천재환 (홈! 런! 천재환!)', 'nc23.mp3', (SELECT id FROM player WHERE back_number = '23' AND team = 'NC'));
INSERT INTO cheer_song (title, lyrics, audio_file_name, player_id) VALUES ('기본응원가', '다이노스 NC 최정원 안타 안타 날려버려 다이노스 NC 최정원 안타 오오오 최! 정! 원!', 'nc14.mp3', (SELECT id FROM player WHERE back_number = '14' AND team = 'NC'));
INSERT INTO cheer_song (title, lyrics, audio_file_name, player_id) VALUES ('기본응원가', 'NC 한석현 NC 한석현 NC 한석현 거침없이 가! 자! NC 한석현 NC 한석현 NC 한석현 승리위해 안! 타!NC 한석현 NC 한석현 NC 한석현 오오오오 안! 타! NC 한석현 NC 한석현 NC 한석현 다이노스 한! 석! 현!', 'nc33.mp3', (SELECT id FROM player WHERE back_number = '33' AND team = 'NC'));
INSERT INTO cheer_song (title, lyrics, audio_file_name, player_id) VALUES ('기본응원가', '아고명준 오오오 오(×3)랜더스의 고명준!×2', 'sk18.mp3', (SELECT id FROM player WHERE back_number = '18' AND team = 'SK'));
INSERT INTO cheer_song (title, lyrics, audio_file_name, player_id) VALUES ('기본응원가', '오! 김민식 안타 워 워어어어오! 김민식 안타 워어 워어어어×2', 'sk24.mp3', (SELECT id FROM player WHERE back_number = '24' AND team = 'SK'));
INSERT INTO cheer_song (title, lyrics, audio_file_name, player_id) VALUES ('기본응원가', '김성민 날려라 오오오오오김성민 오! 안타 날려라×2', 'sk56.mp3', (SELECT id FROM player WHERE back_number = '56' AND team = 'SK'));
INSERT INTO cheer_song (title, lyrics, audio_file_name, player_id) VALUES ('기본응원가', '랜더스의 김성현 날려버려 김성현아아아아아아아아 안타!오오오오오오오오 안타!×2', 'sk6.mp3', (SELECT id FROM player WHERE back_number = '6' AND team = 'SK'));
INSERT INTO cheer_song (title, lyrics, audio_file_name, player_id) VALUES ('기본응원가', '오! 안타 김찬형(짝짝)(×2)오오오오 랜더스 위해 안타 김찬형×2', 'sk5.mp3', (SELECT id FROM player WHERE back_number = '5' AND team = 'SK'));
INSERT INTO cheer_song (title, lyrics, audio_file_name, player_id) VALUES ('기본응원가', '김창평 안타 김창평 안타 랜더스의 김창평×4', 'sk64.mp3', (SELECT id FROM player WHERE back_number = '64' AND team = 'SK'));
INSERT INTO cheer_song (title, lyrics, audio_file_name, player_id) VALUES ('기본응원가', '박성한! 랜더스 위하여시원하게 날려라오오오 오오오오×2', 'sk2.mp3', (SELECT id FROM player WHERE back_number = '2' AND team = 'SK'));
INSERT INTO cheer_song (title, lyrics, audio_file_name, player_id) VALUES ('기본응원가', '오오오 랜더스 오오오 박지환 승리를 위하여안타 날려라 x2', 'sk1.mp3', (SELECT id FROM player WHERE back_number = '1' AND team = 'SK'));
INSERT INTO cheer_song (title, lyrics, audio_file_name, player_id) VALUES ('기본응원가', '열!쩡! 신범수 오오오오오(안타!) ×4', 'sk25.mp3', (SELECT id FROM player WHERE back_number = '25' AND team = 'SK'));
INSERT INTO cheer_song (title, lyrics, audio_file_name, player_id) VALUES ('기본응원가', '오오오 오오오 랜더스의 안상현오오오 오오오 치!고 달려라×2', 'sk10.mp3', (SELECT id FROM player WHERE back_number = '10' AND team = 'SK'));
INSERT INTO cheer_song (title, lyrics, audio_file_name, player_id) VALUES ('기본응원가', '랜더스 에레디아 안타 에헤라디아랜더스 에레디아 워우워어어×2에!레!디아!', 'sk27.mp3', (SELECT id FROM player WHERE back_number = '27' AND team = 'SK'));
INSERT INTO cheer_song (title, lyrics, audio_file_name, player_id) VALUES ('기본응원가', '오! 안타 오태곤 오오오 오오오오! 안타 오태곤 오오오오랜더스의 승리 위해×2', 'sk37.mp3', (SELECT id FROM player WHERE back_number = '37' AND team = 'SK'));
INSERT INTO cheer_song (title, lyrics, audio_file_name, player_id) VALUES ('기본응원가', '워 워워워워 랜더스 이정범워 워워워 워워워 안타 날려버려×2', 'sk31.mp3', (SELECT id FROM player WHERE back_number = '31' AND team = 'SK'));
INSERT INTO cheer_song (title, lyrics, audio_file_name, player_id) VALUES ('기본응원가', 'SSG 안방마님 이지영 안타!오 랜더스의 이지영 안타! 안타를 날려줘요이야이야이야이야x2', 'sk59.mp3', (SELECT id FROM player WHERE back_number = '59' AND team = 'SK'));
INSERT INTO cheer_song (title, lyrics, audio_file_name, player_id) VALUES ('기본응원가', '오 안타 정준재 치고 달려 정준재오 안타 정준재 랜더스의 정준재오 오오오오오 치고 달려 정준재오 오오오오오 랜더스의 정준재', 'sk3.mp3', (SELECT id FROM player WHERE back_number = '3' AND team = 'SK'));
INSERT INTO cheer_song (title, lyrics, audio_file_name, player_id) VALUES ('기본응원가', '조형우 워어어어 시원하게날려라 워어어어 짜릿하게넘겨라 워어어어 랜더스 조형우 ×2', 'sk20.mp3', (SELECT id FROM player WHERE back_number = '20' AND team = 'SK'));
INSERT INTO cheer_song (title, lyrics, audio_file_name, player_id) VALUES ('기본응원가', '빠바바바바밤 최! 빠바바바바밤 정!빰빠라바라바라밤 최! 정! 홈! 런!×4', 'sk14(1).mp3', (SELECT id FROM player WHERE back_number = '14' AND team = 'SK'));
INSERT INTO cheer_song (title, lyrics, audio_file_name, player_id) VALUES ('두번째 응원가', '오! 승리의 최정(최!정!홈!런!)오! 랜더스 최정(최!정!홈!런!)오오오오오 우리의 최정오오오 오오오 최정(최!정!홈!런!)×2', 'sk14(2).mp3', (SELECT id FROM player WHERE back_number = '14' AND team = 'SK'));
INSERT INTO cheer_song (title, lyrics, audio_file_name, player_id) VALUES ('기본응원가', '랜더스 최준우 안타!오오오오 오오오랜더스 최준우 안타!오오오오 최준우×2', 'sk7.mp3', (SELECT id FROM player WHERE back_number = '7' AND team = 'SK'));
INSERT INTO cheer_song (title, lyrics, audio_file_name, player_id) VALUES ('기본응원가', '최지훈 안타! 최지훈 안타! 오오 오 오오오최지훈 안타! 최지훈 안타! 랜더스의 승리 위하여×2', 'sk54.mp3', (SELECT id FROM player WHERE back_number = '54' AND team = 'SK'));
INSERT INTO cheer_song (title, lyrics, audio_file_name, player_id) VALUES ('기본응원가', '하! 재! 훈랜더스의! 하재훈 안타워어어어어 하재훈 안타랜더스의! 하재훈 안타승리를 위해 하재훈 안타×2', 'sk13.mp3', (SELECT id FROM player WHERE back_number = '13' AND team = 'SK'));
INSERT INTO cheer_song (title, lyrics, audio_file_name, player_id) VALUES ('기본응원가', '야 야 야 야한유섬 날려버려라(홈런!) (×2)한유섬 날려버려라×2', 'sk35.mp3', (SELECT id FROM player WHERE back_number = '35' AND team = 'SK'));
INSERT INTO cheer_song (title, lyrics, audio_file_name, player_id) VALUES ('기본응원가', '강승호 안타! 강승호 안타! 최강두산 강승호\n강승호 두산의 강승호 강! 승! 호! [X2]', 'ob23.mp3', (SELECT id FROM player WHERE back_number = '23' AND team = 'OB'));
INSERT INTO cheer_song (title, lyrics, audio_file_name, player_id) VALUES ('기본응원가', '김기연 안타날려라! 김기연 홈런날려라!\n베어스 승리 위해 오오오 김기연\n김기연 안타날려라! 김기연 홈런날려라!\n베어스의 승리 위하여 오 김! 기! 연!', 'ob45.mp3', (SELECT id FROM player WHERE back_number = '45' AND team = 'OB'));
INSERT INTO cheer_song (title, lyrics, audio_file_name, player_id) VALUES ('기본응원가', '두산의 김대한 안타! 안타 워어어어! [X4]', 'ob27.mp3', (SELECT id FROM player WHERE back_number = '27' AND team = 'OB'));
INSERT INTO cheer_song (title, lyrics, audio_file_name, player_id) VALUES ('기본응원가', '두산의 김민석 힘차게 치고 달려라!\n두산의 김민석 승리를 위해 날려라!\n오오오오오오오오 승리를 위해\n[X2]', 'ob2.mp3', (SELECT id FROM player WHERE back_number = '2' AND team = 'OB'));
INSERT INTO cheer_song (title, lyrics, audio_file_name, player_id) VALUES ('기본응원가', '최강! 두산! 김민혁! 최강! 두산! 김민혁!\n오오오오오오오 안타 날려라 [X2]', 'ob10.mp3', (SELECT id FROM player WHERE back_number = '10' AND team = 'OB'));
INSERT INTO cheer_song (title, lyrics, audio_file_name, player_id) VALUES ('기본응원가', '날려라 날 려라 날려라 두 산의 김인태\n안타 안타 김인태! 최! 강! 두! 산! 김인태! [X2]', 'ob33.mp3', (SELECT id FROM player WHERE back_number = '33' AND team = 'OB'));
INSERT INTO cheer_song (title, lyrics, audio_file_name, player_id) VALUES ('기본응원가', '두산! 승리를 위해 다같이 김재환!\n두산! 승리를 위해 오오오! 오오오! [X2]', 'ob32.mp3', (SELECT id FROM player WHERE back_number = '32' AND team = 'OB'));
INSERT INTO cheer_song (title, lyrics, audio_file_name, player_id) VALUES ('기본응원가', '안타를 날려주세요 두산의 안타 박계범\n안타를 날려주세요 저 멀리 안타 박계범\n최! 강! 두! 산! 박! 계! 범!\n안타를 날려주세요 두산의 안타 박계범', 'ob14.mp3', (SELECT id FROM player WHERE back_number = '14' AND team = 'OB'));
INSERT INTO cheer_song (title, lyrics, audio_file_name, player_id) VALUES ('기본응원가', '두산 박준영 안타 박준영 두산 박준영 오오 (박준영!)\n두산 박준영 안타 박준영 최강두산 박! 준! 영!', 'ob16.mp3', (SELECT id FROM player WHERE back_number = '16' AND team = 'OB'));
INSERT INTO cheer_song (title, lyrics, audio_file_name, player_id) VALUES ('기본응원가', '최강두산 양석환 안타날려라!\n최강두산 양석환 홈런날려라!\n워어어어어↗ 양석환 워어어어어→ 양석환\n워어어어어↗ 양석환 워우워어 양! 석! 환!', 'ob53.mp3', (SELECT id FROM player WHERE back_number = '53' AND team = 'OB'));
INSERT INTO cheer_song (title, lyrics, audio_file_name, player_id) VALUES ('기본응원가', '두산의 안방마님 양의지 (양의지!)\n두산의 안방마님 양의지 (양의지!)\n안타를 날려줘요 홈런을 날려줘요\n두산의 안방마님 양! 의! 지! [X2]', 'ob25.mp3', (SELECT id FROM player WHERE back_number = '25' AND team = 'OB'));
INSERT INTO cheer_song (title, lyrics, audio_file_name, player_id) VALUES ('기본응원가', '최강두산! 오명진! 안타를 날려라\n최강두산! 오명진! 홈런을 날려라\n최강두산! 오명진! 안타를 날려라\n최강두산 오!명진', 'ob6.mp3', (SELECT id FROM player WHERE back_number = '6' AND team = 'OB'));
INSERT INTO cheer_song (title, lyrics, audio_file_name, player_id) VALUES ('기본응원가', '찬란하게 빛날 최강두산 이유찬 (이유찬!)\n힘차게 날아올라라! 최강두산 이유찬! [X2]', 'ob13.mp3', (SELECT id FROM player WHERE back_number = '13' AND team = 'OB'));
INSERT INTO cheer_song (title, lyrics, audio_file_name, player_id) VALUES ('기본응원가', '오오오 두 산의 장승현!\n오오오 두 산의 장승현!\n힘차게 날 려라 오 장 승현\n오오오 두 산의 장승현!', 'ob22.mp3', (SELECT id FROM player WHERE back_number = '22' AND team = 'OB'));
INSERT INTO cheer_song (title, lyrics, audio_file_name, player_id) VALUES ('기본응원가', '수빈! 두산의 정수빈 수빈! 승리를 위하여\n수빈! 힘차게 치고 달려 최강두산 정수빈! [X2]', 'ob31.mp3', (SELECT id FROM player WHERE back_number = '31' AND team = 'OB'));
INSERT INTO cheer_song (title, lyrics, audio_file_name, player_id) VALUES ('기본응원가', '조수행! 조수행! 조수행! 조수행! 안타치고 도루하고 라라라라 라라라라라! 조! 수! 행! [X2]', 'ob51.mp3', (SELECT id FROM player WHERE back_number = '51' AND team = 'OB'));
INSERT INTO cheer_song (title, lyrics, audio_file_name, player_id) VALUES ('기본응원가', '최강두산 케이브 최강두산 케이브\n승리를 위해 모두외쳐라!\n오오오오오오 케! 이! 브![X2]', 'ob8.mp3', (SELECT id FROM player WHERE back_number = '8' AND team = 'OB'));
INSERT INTO cheer_song (title, lyrics, audio_file_name, player_id) VALUES ('기본응원가', 'kt wiz 강백호(호) kt wiz 강백호\n승리를(호)위하여(호) k t wi z 강 백 호', 'kt50(1).mp3', (SELECT id FROM player WHERE back_number = '50' AND team = 'KT'));
INSERT INTO cheer_song (title, lyrics, audio_file_name, player_id) VALUES ('두번째 응원가', '강백호 오오 오오오 오오\n강백호 오오 오오오 홈런!', 'kt50(2).mp3', (SELECT id FROM player WHERE back_number = '50' AND team = 'KT'));
INSERT INTO cheer_song (title, lyrics, audio_file_name, player_id) VALUES ('기본응원가', 'kt위즈 승리위해 강현우 워 워어어어\nkt위즈 안방마님 강현우 워 워어어어\nkt위즈 승리위해 강현우 워 워어어어\nkt위즈 안방마님 강현우 워 워어어어 강!현!우!', 'kt55.mp3', (SELECT id FROM player WHERE back_number = '55' AND team = 'KT'));
INSERT INTO cheer_song (title, lyrics, audio_file_name, player_id) VALUES ('기본응원가', 'kt 권동진 안타 kt 권동진 안타\n안타를 날려라 kt wiz 권동진 안타\nkt 권동진 안타 kt 권동진 안타\n날려버려 권동진 You can do it go!', 'kt52(1).mp3', (SELECT id FROM player WHERE back_number = '52' AND team = 'KT'));
INSERT INTO cheer_song (title, lyrics, audio_file_name, player_id) VALUES ('두번째 응원가', 'kt 위즈 승리위해 날려라 권동진 안타!\nKT위즈 철벽내야 권동진 오오오 안타!\nKT 위즈 승리위해 날려라 권동진 안타!\nKT 위즈 철벽내야 안! 타! 권!동진!', 'kt52(2).mp3', (SELECT id FROM player WHERE back_number = '52' AND team = 'KT'));
INSERT INTO cheer_song (title, lyrics, audio_file_name, player_id) VALUES ('기본응원가', 'kt wiz 김민혁 날려버려 김민혁\nWe can come together\nWe can come together\n(간주) 안! 타! (간주) 안! 타!\n(간주) 김!민!혁!', 'kt53.mp3', (SELECT id FROM player WHERE back_number = '53' AND team = 'KT'));
INSERT INTO cheer_song (title, lyrics, audio_file_name, player_id) VALUES ('기본응원가', '날려버려 김상수 야야야야야\n안타안타 김상수 야야야야야', 'kt7(1).mp3', (SELECT id FROM player WHERE back_number = '7' AND team = 'KT'));
INSERT INTO cheer_song (title, lyrics, audio_file_name, player_id) VALUES ('두번째 응원가', '날려버려 안타 김상수\n날려버려 안타 김상수\n날려버려 안타 김상수 상수\n김상수 김상수 kt wiz 김상수\nkt wiz 승리 위해 워어\n김상수 김상수 kt wiz 김상수\nkt wiz 김상수 김상수!', 'kt7(2).mp3', (SELECT id FROM player WHERE back_number = '7' AND team = 'KT'));
INSERT INTO cheer_song (title, lyrics, audio_file_name, player_id) VALUES ('기본응원가', 'kt의 김준태 안타 kt의 김준태 워어어어\nkt 승리위해 김준태 날려버려\nkt의 김준태 안타 kt의 김준태 워어어어\nkt 승리위해 김준태 날려버려\n안!타! 김!준!태!', 'kt44.mp3', (SELECT id FROM player WHERE back_number = '44' AND team = 'KT'));
INSERT INTO cheer_song (title, lyrics, audio_file_name, player_id) VALUES ('기본응원가', 'kt의 로하스 wow!\nkt의 로하스 워어!\nkt의 로하스 wow!\nkt의 로하스 워어!\nkt 로하스 화이팅\nkt 로하스 화이팅\nkt의 로하스 워어어어어\n로! 하! 스!', 'kt3.mp3', (SELECT id FROM player WHERE back_number = '3' AND team = 'KT'));
INSERT INTO cheer_song (title, lyrics, audio_file_name, player_id) VALUES ('기본응원가', 'kt 문상철 워우 워우워우워 )\nkt 문상철 워우 워우워우워\nkt 문상철 워우 워우워우워\n신나게 외쳐봅시다 문! 상! 철!', 'kt24.mp3', (SELECT id FROM player WHERE back_number = '24' AND team = 'KT'));
INSERT INTO cheer_song (title, lyrics, audio_file_name, player_id) VALUES ('기본응원가', 'kt 배정대 나나나나나나\nkt 배정대 나나나나나나\nkt 배정대 나나나나나나\nkt wiz 승리를 위해\n1루 2루 3루 홈 빵야!', 'kt27.mp3', (SELECT id FROM player WHERE back_number = '27' AND team = 'KT'));
INSERT INTO cheer_song (title, lyrics, audio_file_name, player_id) VALUES ('기본응원가', '송민섭이 섭이섭이섭이\nkt wiz의 폭풍질주 송민섭', 'kt28.mp3', (SELECT id FROM player WHERE back_number = '28' AND team = 'KT'));
INSERT INTO cheer_song (title, lyrics, audio_file_name, player_id) VALUES ('기본응원가', '안치영 안타 워어어어 kt 승리를 위하여\n안타를 날려버려 시원하게\n안치영 안타 안치영 안타 워어어어\nkt 승리를 위하여 안타를 날려버려\n워 워 워 안!치!영!', 'kt8.mp3', (SELECT id FROM player WHERE back_number = '8' AND team = 'KT'));
INSERT INTO cheer_song (title, lyrics, audio_file_name, player_id) VALUES ('기본응원가', '안현민 워어어 워어어어\n안현민 워어어 워어어어\n안현민 워어어 워어어어\nk! t! 안현민!', 'kt23.mp3', (SELECT id FROM player WHERE back_number = '23' AND team = 'KT'));
INSERT INTO cheer_song (title, lyrics, audio_file_name, player_id) VALUES ('기본응원가', '오! 오! 오윤석\nkt wiz 오윤석\n날려버려 안타안타안타\nkt wiz 오윤석 안타!', 'kt4.mp3', (SELECT id FROM player WHERE back_number = '4' AND team = 'KT'));
INSERT INTO cheer_song (title, lyrics, audio_file_name, player_id) VALUES ('기본응원가', '오오오오오오오오오 kt 오재일 안타\n오오오오오오오오오 kt 오재일 홈런\n오오오오오오오오오 kt 오재일 안타\n오오오오오오오오오 kt 오재일 홈런 오!재!일!', 'kt36.mp3', (SELECT id FROM player WHERE back_number = '36' AND team = 'KT'));
INSERT INTO cheer_song (title, lyrics, audio_file_name, player_id) VALUES ('기본응원가', '오오오오오오오 이호연 안타\n오오오 이호연 안타\n케이티 이호연 안타를 날려버려\n오오오오오오오 이호연 안타\n오오오 이호연 안타\n케이티 이호연 안타를 날려버려 (이!호!연!)', 'kt34.mp3', (SELECT id FROM player WHERE back_number = '34' AND team = 'KT'));
INSERT INTO cheer_song (title, lyrics, audio_file_name, player_id) VALUES ('기본응원가', 'KT의 장성우 워어어어워\nKT의 장성우 워어워어어\nKT의 장성우 워어어어워\n승리를 위하여 워워', 'kt22.mp3', (SELECT id FROM player WHERE back_number = '22' AND team = 'KT'));
INSERT INTO cheer_song (title, lyrics, audio_file_name, player_id) VALUES ('기본응원가', '장준원 워어어 장준원\n장준원 워어어 KT 승리를 위해\n안타를 날려라 장준원 장!준!원!', 'kt56.mp3', (SELECT id FROM player WHERE back_number = '56' AND team = 'KT'));
INSERT INTO cheer_song (title, lyrics, audio_file_name, player_id) VALUES ('기본응원가', '오 장진혁 오오오 오 장진혁\n안타를 날려라 kt wiz 승리를 위해 안타!\n안! 타! 장진혁!', 'kt51.mp3', (SELECT id FROM player WHERE back_number = '51' AND team = 'KT'));
INSERT INTO cheer_song (title, lyrics, audio_file_name, player_id) VALUES ('기본응원가', '안타를 날려버려 천성호 워어어\n홈런을 날려버려 천성호\n오오오 kt위즈 승리위해 천성호 안타 워어\n안타를 날려버려 천성호 워어어\n홈런을 날려버려 천성호\n오오오 kt위즈 승리위해 천성호 안타 워어어어 천!성!호!', 'kt14.mp3', (SELECT id FROM player WHERE back_number = '14' AND team = 'KT'));
INSERT INTO cheer_song (title, lyrics, audio_file_name, player_id) VALUES ('기본응원가', 'kt 허경민 안타 허경민\nkt 허경민 안타 허경민\n나나나나 나나나 나나나\nkt 승리를 위하여', 'kt13.mp3', (SELECT id FROM player WHERE back_number = '13' AND team = 'KT'));
INSERT INTO cheer_song (title, lyrics, audio_file_name, player_id) VALUES ('기본응원가', '황재균 황재균 kt wiz 황재균 워어\n승리를 위하여 날!려!버!려! 황!재!균!\n황재균 황재균 kt wiz의 황재균 워어\n안타! 홈런! 날려버려 kt 황재균!', 'kt10.mp3', (SELECT id FROM player WHERE back_number = '10' AND team = 'KT'));
INSERT INTO cheer_song (title, lyrics, audio_file_name, player_id) VALUES ('기본응원가', '고!영우 승리위해 안타 날려버려\n고!영우 승리를 위해\n오오오 고영우 오오오 고영우 오오오 고영우 워어어어\n고!영우 승리위해 안타 날려버려\n고!영우 승리를 위해\n오오오 고영우 오오오 고영우 오오오 고영우 워어어어', 'wo44.mp3', (SELECT id FROM player WHERE back_number = '44' AND team = 'WO'));
INSERT INTO cheer_song (title, lyrics, audio_file_name, player_id) VALUES ('기본응원가', '안타! 안타! 안타! 김건희!\n키움 히어로즈 김건희 오 히어로즈 김건희\n안방마님 김건희 오오오 김!건!희!\n키움 히어로즈 김건희 오 히어로즈 김건희\n안방마님 김건희 오오오 김!건!희!', 'wo12.mp3', (SELECT id FROM player WHERE back_number = '12' AND team = 'WO'));
INSERT INTO cheer_song (title, lyrics, audio_file_name, player_id) VALUES ('기본응원가', '김동엽 워어어어 홈런! 김동엽 워어어어 홈런!\n승리의 영웅이 되리 김동엽\n김동엽 워어어어 홈런! 김동엽 워어어어 홈런!\n승리의 영웅이 되리 김동엽', 'wo38.mp3', (SELECT id FROM player WHERE back_number = '38' AND team = 'WO'));
INSERT INTO cheer_song (title, lyrics, audio_file_name, player_id) VALUES ('기본응원가', '히어로 김 (김!) 동 (동!) 헌 (헌!) 오오오 오오오\n히어로 김 (김!) 동 (동!) 헌 (헌!) 오오오 오오오\n히어로 김 (김!) 동 (동!) 헌 (헌!) 오오오 오오오\n히어로 김 (김!) 동 (동!) 헌 (헌!) 오오오 오오오', 'wo47.mp3', (SELECT id FROM player WHERE back_number = '47' AND team = 'WO'));
INSERT INTO cheer_song (title, lyrics, audio_file_name, player_id) VALUES ('기본응원가', '김웅빈 김웅빈 히어로즈 김웅빈\n히어로즈 승리를 위하여 날려버려 저멀리\n김웅빈 김웅빈 히어로즈 김웅빈\n히어로즈 승리를 위하여 날려버려 저멀리', 'wo10.mp3', (SELECT id FROM player WHERE back_number = '10' AND team = 'WO'));
INSERT INTO cheer_song (title, lyrics, audio_file_name, player_id) VALUES ('기본응원가', '오! 김재현 다함께 외쳐라\n라라랄라라라 랄랄라라 안타 김재현 (안타!)\n오! 김재현 다함께 외쳐라\n라라랄라라라 랄랄라라 안타 김재현 (안타!)', 'wo32.mp3', (SELECT id FROM player WHERE back_number = '32' AND team = 'WO'));
INSERT INTO cheer_song (title, lyrics, audio_file_name, player_id) VALUES ('기본응원가', '키움 김태진 워어어어 (안!타! 김!태!진!)\n키움 김태진 워어어어 (안!타! 김!태!진!)\n키움 김태진 워어어어 (안!타! 김!태!진!)\n키움 김태진 워어어어 (안!타! 김!태!진!)', 'wo1.mp3', (SELECT id FROM player WHERE back_number = '1' AND team = 'WO'));
INSERT INTO cheer_song (title, lyrics, audio_file_name, player_id) VALUES ('기본응원가', '박수 박수 박수종 안타 안타 박수종\n승리를 위하여 파이팅 키움 히어로 박수종\n박수 박수 박수종 안타 안타 박수종\n승리를 위하여 파이팅 키움 히어로 박수종', 'wo14.mp3', (SELECT id FROM player WHERE back_number = '14' AND team = 'WO'));
INSERT INTO cheer_song (title, lyrics, audio_file_name, player_id) VALUES ('기본응원가', '워어! 워어! 히어로즈 박주홍\n워어! 워어! 히어로즈 박주홍\n워어! 워어! 히어로즈 박주홍\n워어! 워어! 히어로즈 박주홍', 'wo57.mp3', (SELECT id FROM player WHERE back_number = '57' AND team = 'WO'));
INSERT INTO cheer_song (title, lyrics, audio_file_name, player_id) VALUES ('기본응원가', '히어로 박찬혁 워어어어\n히어로 박찬혁 워어어어\n히어로 박찬혁 워어어어\n히어로 박찬혁 워어어어', 'wo48.mp3', (SELECT id FROM player WHERE back_number = '48' AND team = 'WO'));
INSERT INTO cheer_song (title, lyrics, audio_file_name, player_id) VALUES ('기본응원가', '워어어 히어로 히어로 변상권\n안타 날려버려 날려버려라\n워어어 히어로 히어로 변상권\n키움 승리위해 날려버려라\n워어어 히어로 히어로 변상권\n안타 날려버려 날려버려라\n워어어 히어로 히어로 변상권\n키움 승리위해 날려버려라', 'wo9.mp3', (SELECT id FROM player WHERE back_number = '9' AND team = 'WO'));
INSERT INTO cheer_song (title, lyrics, audio_file_name, player_id) VALUES ('기본응원가', '날!려!라! 키움의 송성문 승리의 문을 열자 랄!랄!라!\n날!려!라! 키움의 송성문 승리의 문을 열자 (송!성!문!)\n날!려!라! 키움의 송성문 승리의 문을 열자 랄!랄!라!\n날!려!라! 키움의 송성문 승리의 문을 열자 (송!성!문!)', 'wo24.mp3', (SELECT id FROM player WHERE back_number = '24' AND team = 'WO'));
INSERT INTO cheer_song (title, lyrics, audio_file_name, player_id) VALUES ('기본응원가', '히어로즈의 여동욱 히어로즈의 여동욱\n승리를 위하여 움직여라 오오 여동욱\n히어로즈의 여동욱 히어로즈의 여동욱\n승리를 위하여 큰거한방 오오 여동욱', 'wo93.mp3', (SELECT id FROM player WHERE back_number = '93' AND team = 'WO'));
INSERT INTO cheer_song (title, lyrics, audio_file_name, player_id) VALUES ('기본응원가', '오! 오선진 히어로즈 오선진\n오오 오오오오 날! 려! 버! 려! 오선진!\n오! 오선진 히어로즈 오선진\n오오 오오오오 날! 려! 버! 려! 오선진!', 'wo60.mp3', (SELECT id FROM player WHERE back_number = '60' AND team = 'WO'));
INSERT INTO cheer_song (title, lyrics, audio_file_name, player_id) VALUES ('기본응원가', '히어로즈 승리위해 안타 이용규\n히어로즈 승리를 위하여 이용규 YOU! YOU! YOU!\n히어로즈 승리위해 안타 이용규\n히어로즈 승리를 위하여 이용규 YOU! YOU! YOU!', 'wo15.mp3', (SELECT id FROM player WHERE back_number = '15' AND team = 'WO'));
INSERT INTO cheer_song (title, lyrics, audio_file_name, player_id) VALUES ('기본응원가', '히어로즈 이원석 (안타!) 히어로즈 이원석 (안타!)\n히어로즈 이원석 오오오오 이원석\n히어로즈 이원석 (안타!) 히어로즈 이원석 (안타!)\n히어로즈 이원석 오오오오 이원석', 'wo17.mp3', (SELECT id FROM player WHERE back_number = '17' AND team = 'WO'));
INSERT INTO cheer_song (title, lyrics, audio_file_name, player_id) VALUES ('기본응원가', '히어로즈 이재상 히어로즈 이재상\n승리를 위해 치고 달려라 히어로 이재상 워어\n히어로즈 이재상 히어로즈 이재상\n승리를 위해 치고 달려라 히어로 이재상', 'wo5.mp3', (SELECT id FROM player WHERE back_number = '5' AND team = 'WO'));
INSERT INTO cheer_song (title, lyrics, audio_file_name, player_id) VALUES ('기본응원가', '이주형 워어어 이주형 워어어\n저 높이 날아올라 빛이 되리라 히어로즈 이주형\n이주형 워어어 이주형 워어어\n저 높이 날아올라 빛이 되리라 히어로즈 이주형', 'wo58.mp3', (SELECT id FROM player WHERE back_number = '58' AND team = 'WO'));
INSERT INTO cheer_song (title, lyrics, audio_file_name, player_id) VALUES ('기본응원가', '히어로즈 이형종 워어어 워어어어\n히어로즈 이형종 워어어 워어어어\n히어로즈 이형종 워어어 워어어어\n히어로즈 이형종 워어어 워어어어', 'wo36.mp3', (SELECT id FROM player WHERE back_number = '36' AND team = 'WO'));
INSERT INTO cheer_song (title, lyrics, audio_file_name, player_id) VALUES ('기본응원가', '임병욱 (짝짝짝짝) 임병욱 (짝짝짝짝)\n히어로즈의 승리를 위하여 하나되어 외쳐보자 (짝짝짝짝)\n임병욱 (짝짝짝짝) 임병욱 (짝짝짝짝)\n히어로즈의 승리를 위하여 하나되어 외쳐보자 (짝짝짝짝)', 'wo6.mp3', (SELECT id FROM player WHERE back_number = '6' AND team = 'WO'));
INSERT INTO cheer_song (title, lyrics, audio_file_name, player_id) VALUES ('기본응원가', '히어로즈 임지열 히어로즈 임지열\n히어로즈 Vamos 임지열 워어어어어\n히어로즈 임지열 히어로즈 임지열\n히어로즈 Vamos 임지열 워어어어어', 'wo29.mp3', (SELECT id FROM player WHERE back_number = '29' AND team = 'WO'));
INSERT INTO cheer_song (title, lyrics, audio_file_name, player_id) VALUES ('기본응원가', '오 히어로 장재영 오 히어로 장재영\n오 승리를 위하여 날아올라라\n히어로 장재영 히어로 장재영\n히어로는 바로 너 장재영 장!재!영!\n오 히어로 장재영 오 히어로 장재영\n오 승리를 위하여 날아올라라\n히어로 장재영 히어로 장재영\n히어로는 바로 너 장재영 장!재!영!', 'wo61.mp3', (SELECT id FROM player WHERE back_number = '61' AND team = 'WO'));
INSERT INTO cheer_song (title, lyrics, audio_file_name, player_id) VALUES ('기본응원가', '히어로 전태현 히어로즈 전태현\n승리를 위해 전태현 라랄랄라\n히어로 전태현 히어로즈 전태현\n승리를 위해 전태현 라랄랄라라', 'wo97.mp3', (SELECT id FROM player WHERE back_number = '97' AND team = 'WO'));
INSERT INTO cheer_song (title, lyrics, audio_file_name, player_id) VALUES ('기본응원가', '최주환 히어로즈의 최주환 안타 날려버려 워어어\n최주환 히어로즈의 최주환 안타 날려버려 워어어\n최주환 히어로즈의 최주환 안타 날려버려 워어어\n최주환 히어로즈의 최주환 안타 날려버려 워어어', 'wo53.mp3', (SELECT id FROM player WHERE back_number = '53' AND team = 'WO'));
INSERT INTO cheer_song (title, lyrics, audio_file_name, player_id) VALUES ('기본응원가', '히어로즈의 카디네스 승리를 위해 워어어어\n히어로즈의 카디네스 오 루벤 카디네스\n히어로즈의 카디네스 승리를 위해 워어어어\n히어로즈의 카디네스 오 루벤 카디네스', 'wo4.mp3', (SELECT id FROM player WHERE back_number = '4' AND team = 'WO'));
INSERT INTO cheer_song (title, lyrics, audio_file_name, player_id) VALUES ('기본응원가', '오오오 날려라 KIA 고종욱\n오오오 날려라 KIA 고종욱\n승리 위해 Go! Go! Go!\n날려라 KIA 고종욱\n오오오 날려라 KIA 고종욱\n오오오 날려라 KIA 고종욱\n승리 위해 Go! Go! Go!\n날려라 KIA 고종욱', 'ht57.mp3', (SELECT id FROM player WHERE back_number = '57' AND team = 'HT'));
INSERT INTO cheer_song (title, lyrics, audio_file_name, player_id) VALUES ('기본응원가', 'KIA 김규성\n타이거즈 김규성\n최강 KIA 승리를 위하여\n날려버려라\nKIA 김규성\n타이거즈 김규성\n최강 KIA 승리를 위하여\nKIA! 김!규!성!', 'ht14.mp3', (SELECT id FROM player WHERE back_number = '14' AND team = 'HT'));
INSERT INTO cheer_song (title, lyrics, audio_file_name, player_id) VALUES ('기본응원가', '김도영 힘차게 날려라 KIA의 승리를 위하여 워어어어 워우워 날려라×2', 'ht5.mp3', (SELECT id FROM player WHERE back_number = '5' AND team = 'HT'));
INSERT INTO cheer_song (title, lyrics, audio_file_name, player_id) VALUES ('기본응원가', '최강 KIA의 김석환 안타\n최강 KIA의 김석환 안타\n워어 워어어어어어\n최강 KIA 김석환 안타\n최강 KIA의 김석환 안타\n최강 KIA의 김석환 안타\n워어 워어어어어어\n최강 KIA 김석환 안타', 'ht35.mp3', (SELECT id FROM player WHERE back_number = '35' AND team = 'HT'));
INSERT INTO cheer_song (title, lyrics, audio_file_name, player_id) VALUES ('기본응원가', 'KIA의 김선빈\n안타 워어어어 (김!선!빈!)\nKIA의 김선빈\n안타 워어어 어어어 (김!선!빈!)\nKIA의 김선빈\n안타 워어어어 (김!선!빈!)\nKIA의 김선빈\n안타 워어어 어어어 (김!선!빈!)', 'ht3.mp3', (SELECT id FROM player WHERE back_number = '3' AND team = 'HT'));
INSERT INTO cheer_song (title, lyrics, audio_file_name, player_id) VALUES ('기본응원가', 'KIA의 김태군 (안타!)\n김태군 (홈런!) 타이거즈 김태군\n승리를 부르는 KIA의 남자 김태군 워어어어\nKIA의 김태군 (안타!)\n김태군 (홈런!) 타이거즈 김태군\n승리를 부르는 KIA의 남자 김태군 워어어어', 'ht42.mp3', (SELECT id FROM player WHERE back_number = '42' AND team = 'HT'));
INSERT INTO cheer_song (title, lyrics, audio_file_name, player_id) VALUES ('기본응원가', '오오오 김호령 오오오오 김호령\n호령 호령 김호령 타이거즈 김호령\n오오오 김호령 오오오오 김호령\n호령 호령 김호령 타이거즈 김호령 화이팅!', 'ht27.mp3', (SELECT id FROM player WHERE back_number = '27' AND team = 'HT'));
INSERT INTO cheer_song (title, lyrics, audio_file_name, player_id) VALUES ('기본응원가', '타이거즈 나성범 안타\n안타 날려라 날려라 나! 성! 범!\n타이거즈 나성범 안타\n오오 오 오 오오오\n타이거즈 나성범 홈런\n홈런 날려라 날려라 나! 성! 범!\n타이거즈 나성범 홈런\n오오 오 오 오오오', 'ht47.mp3', (SELECT id FROM player WHERE back_number = '47' AND team = 'HT'));
INSERT INTO cheer_song (title, lyrics, audio_file_name, player_id) VALUES ('기본응원가', '밀어도 안타 당겨도 안타\n날려라 안타 박!재!현!\n밀어도 안타 당겨도 안타\n날려라 안타 박!재!현!\n(리듬음악) 안! 타!\n(리듬음악) 박!재!현!', 'ht36.mp3', (SELECT id FROM player WHERE back_number = '36' AND team = 'HT'));
INSERT INTO cheer_song (title, lyrics, audio_file_name, player_id) VALUES ('기본응원가', '자달릴까 타이거즈 박정우\n워어어어어어 어어 KIA 박정우!\n날려버려라 타이거즈 박정우\n워어어어어어 어어 KIA 박정우!', 'ht15.mp3', (SELECT id FROM player WHERE back_number = '15' AND team = 'HT'));
INSERT INTO cheer_song (title, lyrics, audio_file_name, player_id) VALUES ('기본응원가', 'Ho! KIA 박 찬호!\nHo! KIA 박 찬호!\nHo! 승리를 위해!\n타! 이! 거! 즈! 박! 찬! 호!', 'ht1.mp3', (SELECT id FROM player WHERE back_number = '1' AND team = 'HT'));
INSERT INTO cheer_song (title, lyrics, audio_file_name, player_id) VALUES ('기본응원가', '타이거즈의 변우혁 안타\n날려버려라 변우혁 홈런\n타이거즈의 변우혁 안타\n날려버려라 변우혁 홈런\n날려버려라 워워우워워\n변우혁 안타 워워우워워\n날려버려라 워워우워워\n변우혁 홈런 워워우워워', 'ht29.mp3', (SELECT id FROM player WHERE back_number = '29' AND team = 'HT'));
INSERT INTO cheer_song (title, lyrics, audio_file_name, player_id) VALUES ('기본응원가', 'KIA의 서건창 안타! 서건창 안타!\n워어어어어\nKIA의 서건창 안타! 서건창 안타!\n워어어어', 'ht58.mp3', (SELECT id FROM player WHERE back_number = '58' AND team = 'HT'));
INSERT INTO cheer_song (title, lyrics, audio_file_name, player_id) VALUES ('기본응원가', '오오 기아 오선우 나나나나\n안타 날려라 홈런 날려라 승리를 위해\n오오 기아 오선우 나나나나\n타이거즈 승리를 위해 워우워우 오!선!우!', 'ht56.mp3', (SELECT id FROM player WHERE back_number = '56' AND team = 'HT'));
INSERT INTO cheer_song (title, lyrics, audio_file_name, player_id) VALUES ('기본응원가', '홈런 KIA 위즈덤\n힘차게 날려라 워우워우\n홈런 KIA 위즈덤\n승리를 위하여 워우워우\n홈런 KIA 위즈덤\n힘차게 날려라 워우워우\n홈런 KIA 위즈덤\n승리를 위하여 워우워우', 'ht45.mp3', (SELECT id FROM player WHERE back_number = '45' AND team = 'HT'));
INSERT INTO cheer_song (title, lyrics, audio_file_name, player_id) VALUES ('기본응원가', '안!타! 최강 KIA 윤도현\n홈!런! 타이거즈 윤도현\n승리를 위하여 오오오오 오오 오오\n안!타! 최강 KIA 윤도현\n홈!런! 타이거즈 윤도현\n승리를 위하여 오오오오 오오 오오', 'ht9.mp3', (SELECT id FROM player WHERE back_number = '9' AND team = 'HT'));
INSERT INTO cheer_song (title, lyrics, audio_file_name, player_id) VALUES ('기본응원가', '타이거즈 이우성 워어어어\n타이거즈 이우성 워어어어\n타이거즈 이우성 워어어어\nKIA! 이우성!\n타이거즈 이우성 워어어어\n타이거즈 이우성 워어어어\n타이거즈 이우성 워어어어\nKIA! 이우성!', 'ht25.mp3', (SELECT id FROM player WHERE back_number = '25' AND team = 'HT'));
INSERT INTO cheer_song (title, lyrics, audio_file_name, player_id) VALUES ('기본응원가', '안 타 워어 KIA 이창진\n홈런 워어 KIA 이창진\n승리를 위해 다같이 외쳐 KIA! 이창진!', 'ht8.mp3', (SELECT id FROM player WHERE back_number = '8' AND team = 'HT'));
INSERT INTO cheer_song (title, lyrics, audio_file_name, player_id) VALUES ('기본응원가', '워 워 시원하게 안타\n화끈하게 홈런 KIA 주효상\n날려버려라 승리를 위하여\n워우워우워우워\n워 워 시원하게 안타\n화끈하게 홈런 KIA 주효상\n날려버려라 승리를 위하여\nKIA! 주!효!상!', 'ht22.mp3', (SELECT id FROM player WHERE back_number = '22' AND team = 'HT'));
INSERT INTO cheer_song (title, lyrics, audio_file_name, player_id) VALUES ('기본응원가', '워어어 KIA 최원준 워어어 KIA 최원준\n워 어 어오! 힘차게 날려라 (최! 원! 준!)\n워어어 KIA 최원준 워어어 KIA 최원준\n워 어 어오! 승리를 위해 (최! 원! 준!)', 'ht16.mp3', (SELECT id FROM player WHERE back_number = '16' AND team = 'HT'));
INSERT INTO cheer_song (title, lyrics, audio_file_name, player_id) VALUES ('기본응원가', '최강 KIA 타이거즈 최형우 (최!형!우!)\n최강 KIA 타이거즈 최형우 (최!형!우!)\n워 최형우 워 최형우 워 최형우 KIA의 해결사!', 'ht34(1).mp3', (SELECT id FROM player WHERE back_number = '34' AND team = 'HT'));
INSERT INTO cheer_song (title, lyrics, audio_file_name, player_id) VALUES ('두번째 응원가', '(This is Our House) KIA! 최형우!\n(This is Our House) KIA! 최형우!\n워어어어어 KIA! 최형우!\n워어어어어 KIA! 최형우!', 'ht34(2).mp3', (SELECT id FROM player WHERE back_number = '34' AND team = 'HT'));
INSERT INTO cheer_song (title, lyrics, audio_file_name, player_id) VALUES ('기본응원가', 'KIA 한승택 KIA의 안방마님 한승택 워어\nKIA 한승택 한승택 워어어 워어어', 'ht26.mp3', (SELECT id FROM player WHERE back_number = '26' AND team = 'HT'));
INSERT INTO cheer_song (title, lyrics, audio_file_name, player_id) VALUES ('기본응원가', '기아의 한준수 워어어 어어어어\n날려라 한준수 워어어어어\nKIA의 한준수 워어어 어어어어\n날려라 한준수 워어어어어\nKIA의 한준수 워어어 어어어어\n날려라 한준수 워어어어어\nKIA의 한준수 워어어 어어어어\n날려라 한준수 워어어어어', 'ht55.mp3', (SELECT id FROM player WHERE back_number = '55' AND team = 'HT'));
INSERT INTO cheer_song (title, lyrics, audio_file_name, player_id) VALUES ('기본응원가', '날려라 홍종표 달려라 홍종표 기아의 날쌘돌이 홍종표\n승리를 위하여 달려간다 워어 타이거즈 홍종표\n날려라 홍종표 달려라 홍종표 기아의 날쌘돌이 홍종표\n승리를 위하여 치고 달려라 기!아! 홍종표!', 'ht6.mp3', (SELECT id FROM player WHERE back_number = '6' AND team = 'HT'));
INSERT INTO cheer_song (title, lyrics, audio_file_name, player_id) VALUES ('기본응원가', '안타를 날려라 홈런을 날려라\n오오오 KIA 타이거즈 황대인\n승리를 위하여 다함께 외쳐라\n안타! 홈런! 황!대!인! ×2', 'ht52.mp3', (SELECT id FROM player WHERE back_number = '52' AND team = 'HT'));